index,shape-type,vertex-index,axis-0,axis-1,axis-2
0,polygon,0,0.0,78.0,187.0
0,polygon,1,0.0,85.66766766766767,190.66676773586036
0,polygon,2,0.0,93.93324455586718,192.99676245764994
0,polygon,3,0.0,102.3842309174438,193.92535006060666
0,polygon,4,0.0,110.99962476927699,194.00023839340196
0,polygon,5,0.0,119.4080421922373,195.00770749840993
0,polygon,6,0.0,127.95638948472386,195.00049495339
0,polygon,7,0.0,136.29081417229332,197.1215644009874
0,polygon,8,0.0,143.7666012333917,200.87353619231152
0,polygon,9,0.0,151.38782402658347,204.1300089767575
0,polygon,10,0.0,159.75572067451367,205.90757362477078
0,polygon,11,0.0,168.1990037787315,207.16467641725782
0,polygon,12,0.0,176.40563830745575,209.02117763053369
0,polygon,13,0.0,184.66713629452659,211.0085795827928
0,polygon,14,0.0,192.96542048988613,212.97864021696458
0,polygon,15,0.0,199.4046896673063,218.40410282618856
0,polygon,16,0.0,205.42740451981075,224.42557242329354
0,polygon,17,0.0,212.59060038912537,228.97590606972972
0,polygon,18,0.0,220.79631629218733,227.14031640010603
0,polygon,19,0.0,228.49052838292806,223.39281582611258
0,polygon,20,0.0,235.93827922551696,219.08414532357747
0,polygon,21,0.0,243.14746347446606,214.9153436994935
0,polygon,22,0.0,251.21607114568366,213.07029177160598
0,polygon,23,0.0,258.67807590985467,209.43942623937693
0,polygon,24,0.0,260.36983768572526,201.3286660936171
0,polygon,25,0.0,258.1270687238495,193.35321522792643
0,polygon,26,0.0,254.7524731548606,185.70508530561372
0,polygon,27,0.0,249.26557945557116,179.26539731262918
0,polygon,28,0.0,242.88506744536025,173.9500915592691
0,polygon,29,0.0,236.07697161542544,169.0569588905796
0,polygon,30,0.0,227.95592501644256,166.98265385431122
0,polygon,31,0.0,220.2494663819695,163.9182820672649
0,polygon,32,0.0,211.93268054597928,163.9847165994073
0,polygon,33,0.0,203.55848015173433,163.99244228638443
0,polygon,34,0.0,195.19725924080893,163.97698535800382
0,polygon,35,0.0,186.91516900371522,162.99562859580124
0,polygon,36,0.0,178.6632794388717,161.69014931942124
0,polygon,37,0.0,170.52207588020332,159.8976725301685
0,polygon,38,0.0,162.28389502188708,158.9955959309605
0,polygon,39,0.0,154.0030763861283,159.00013928270133
0,polygon,40,0.0,145.7554996360625,158.000152078033
0,polygon,41,0.0,137.4965807608598,156.89319808116144
0,polygon,42,0.0,129.20025286872988,156.9971939492233
0,polygon,43,0.0,120.89210451424732,157.00000017741144
0,polygon,44,0.0,112.58819284938971,157.02342962145298
0,polygon,45,0.0,104.35909119953084,157.99989302453378
0,polygon,46,0.0,96.0609884633368,158.00000000095335
0,polygon,47,0.0,87.7802387205058,157.99974142242908
0,polygon,48,0.0,79.76250361606553,160.05938238395504
1,polygon,0,1.0,77.73757559356126,187.854872296257
1,polygon,1,1.0,85.39786223693989,191.53703492599212
1,polygon,2,1.0,93.65874211367698,193.88362827815718
1,polygon,3,1.0,102.10784614145096,194.82918977683005
1,polygon,4,1.0,110.72307218107441,194.9213839783174
1,polygon,5,1.0,119.12944890429526,195.94574131029634
1,polygon,6,1.0,127.67779343852274,195.95570012101902
1,polygon,7,1.0,136.00794065067248,198.09350691729702
1,polygon,8,1.0,143.4761759224648,201.86048799382695
1,polygon,9,1.0,151.09084195778564,205.13226320460083
1,polygon,10,1.0,159.4551510719473,206.92663313052466
1,polygon,11,1.0,167.8958919588365,208.20069368216514
1,polygon,12,1.0,176.09878071671216,210.07367608167144
1,polygon,13,1.0,184.3562698777066,212.07766916206822
1,polygon,14,1.0,192.65058000683894,214.06439485300805
1,polygon,15,1.0,199.07893789109792,219.5027812842251
1,polygon,16,1.0,205.0895450723628,225.5363367547553
1,polygon,17,1.0,212.243586087792,230.10105016367947
1,polygon,18,1.0,220.45297264401498,228.28194728382402
1,polygon,19,1.0,228.1546969370381,224.54990988266633
1,polygon,20,1.0,235.611087719299,220.25620861046374
1,polygon,21,1.0,242.82863143009754,216.10189671810735
1,polygon,22,1.0,250.90092903823634,214.27305618534638
1,polygon,23,1.0,258.3702121845952,210.6571871482876
1,polygon,24,1.0,260.0782628930904,202.54984166252274
1,polygon,25,1.0,257.8515190016543,194.56990176492005
1,polygon,26,1.0,254.49229328642403,186.91500861367683
1,polygon,27,1.0,249.0183462661465,180.4643119122742
1,polygon,28,1.0,242.6485241549211,175.13620014209786
1,polygon,29,1.0,235.85027105391902,170.22940170343256
1,polygon,30,1.0,227.73340756268175,168.13878784359167
1,polygon,31,1.0,220.03311997856787,165.05894202666653
1,polygon,32,1.0,211.71621747254284,165.10867022855936
1,polygon,33,1.0,203.34201845444997,165.0995743732555
1,polygon,34,1.0,194.98084546115837,165.0673220216721
1,polygon,35,1.0,186.7007432162324,164.06933073731352
1,polygon,36,1.0,178.45149265798523,162.7472782577616
1,polygon,37,1.0,170.31390613023055,160.93845158641082
1,polygon,38,1.0,162.0775539228717,160.01982850728547
1,polygon,39,1.0,153.79674286732634,160.00773790211878
1,polygon,40,1.0,145.55119146336844,158.99118554123714
1,polygon,41,1.0,137.29451282480537,157.86764382066528
1,polygon,42,1.0,128.99799277069854,157.95497437722972
1,polygon,43,1.0,120.68985554098344,157.94109175392666
1,polygon,44,1.0,112.38591356582624,157.9478408152448
1,polygon,45,1.0,104.15486706465583,158.90777218614406
1,polygon,46,1.0,95.85678085503635,158.89121049547597
1,polygon,47,1.0,87.57604833807217,158.87431810811955
1,polygon,48,1.0,79.55419214215515,160.91784943095192
2,polygon,0,2.0,77.02220791819894,188.38709379110003
2,polygon,1,2.0,84.66917864360127,192.0968312232349
2,polygon,2,2.0,92.92155053168187,194.47317188044758
2,polygon,3,2.0,101.36719302692629,195.44916791652597
2,polygon,4,2.0,109.98203099202507,195.57240070309874
2,polygon,5,2.0,118.3846625721375,196.62703812192362
2,polygon,6,2.0,126.93291574593941,196.66779508885082
2,polygon,7,2.0,135.25530674206442,198.8356001035872
2,polygon,8,2.0,142.70992175600128,202.62946350383825
2,polygon,9,2.0,150.3127507249953,205.9286518172767
2,polygon,10,2.0,158.67054074562006,207.753145270116
2,polygon,11,2.0,167.1066366284494,209.05760809617087
2,polygon,12,2.0,175.30272411316557,210.96013194249244
2,polygon,13,2.0,183.55293963759428,212.9938623353161
2,polygon,14,2.0,191.84003810263104,215.0104581103917
2,polygon,15,2.0,198.24876069091061,220.4719695174873
2,polygon,16,2.0,204.23759099540194,226.5271410169119
2,polygon,17,2.0,211.37513969923717,231.1175995840308
2,polygon,18,2.0,219.59102689085557,229.32808552384742
2,polygon,19,2.0,227.30614708946084,225.62382033754457
2,polygon,20,2.0,234.7779589482716,221.35701103090403
2,polygon,21,2.0,242.01042308973211,217.2287296743648
2,polygon,22,2.0,250.08925730609727,215.42898411648167
2,polygon,23,2.0,257.571519331916,211.84004909469164
2,polygon,24,2.0,259.30876833162677,203.73891004136422
2,polygon,25,2.0,257.110789248536,195.75099935848257
2,polygon,26,2.0,253.77916460395446,188.08405317434696
2,polygon,27,2.0,248.3284938658037,181.6136766460019
2,polygon,28,2.0,241.97790936993704,176.26265007860326
2,polygon,29,2.0,235.19737874514678,171.33139054484778
2,polygon,30,2.0,227.0881000576137,169.21154658496283
2,polygon,31,2.0,219.39895860680397,166.10397793993994
2,polygon,32,2.0,211.08193091701676,166.12374144422364
2,polygon,33,2.0,202.70781902002824,166.08447484357418
2,polygon,34,2.0,194.34681649218825,166.0220988274714
2,polygon,35,2.0,186.07036357847056,164.99428223045746
2,polygon,36,2.0,177.8259296881653,163.64251769481638
2,polygon,37,2.0,169.69491286764776,161.80438443301372
2,polygon,38,2.0,161.46192375750434,160.85609315000684
2,polygon,39,2.0,153.1812100065267,160.8141682797608
2,polygon,40,2.0,144.9393745819137,159.76791520744973
2,polygon,41,2.0,136.68679745924695,158.61463338031174
2,polygon,42,2.0,128.3900166142498,158.67207242970224
2,polygon,43,2.0,120.08198332278928,158.6282571014264
2,polygon,44,2.0,111.77807092623358,158.6050884386513
2,polygon,45,2.0,103.5436193779973,159.53535852900976
2,polygon,46,2.0,95.24564669361995,159.48890036286008
2,polygon,47,2.0,86.96502878071233,159.4421740245499
2,polygon,48,2.0,78.93586215505823,161.45679071088304
3,polygon,0,3.0,76.94383960697952,188.76098409182748
3,polygon,1,3.0,84.57964669097107,192.49364577842687
3,polygon,2,3.0,92.82485240995736,194.89473289677574
3,polygon,3,3.0,101.26752890687698,195.8960615083115
3,polygon,4,3.0,109.8819584060523,196.0451382950075
3,polygon,5,3.0,118.28138825686962,197.12497890245263
3,polygon,6,3.0,126.8294806922306,197.19138048595713
3,polygon,7,3.0,135.1453308120881,199.38414295790074
3,polygon,8,3.0,142.58853067191703,203.20035316600251
3,polygon,9,3.0,150.1814278474387,206.52233515590834
3,polygon,10,3.0,158.53370676881028,208.3718938081063
3,polygon,11,3.0,166.96585129435005,209.70165909162756
3,polygon,12,3.0,175.1561943159286,211.62876267779598
3,polygon,13,3.0,183.40027151338157,213.68723460440918
3,polygon,14,3.0,191.68128288940287,215.72868263937693
3,polygon,15,3.0,198.07359207820147,221.20939566763894
3,polygon,16,3.0,204.04422988965024,227.2825064379062
3,polygon,17,3.0,211.16797507691234,231.89435702774705
3,polygon,18,3.0,219.38919384748976,230.1294987208853
3,polygon,19,3.0,227.11539214095956,226.44839560098134
3,polygon,20,3.0,234.5999708245521,222.2040209660308
3,polygon,21,3.0,241.84478728335895,218.09745561351744
3,polygon,22,3.0,249.92898438996636,216.32195469542344
3,polygon,23,3.0,257.42197956747765,212.75548264542314
3,polygon,24,3.0,259.1835242050325,204.65959180264096
3,polygon,25,3.0,257.00951878276055,196.66512311789828
3,polygon,26,3.0,253.7009100054149,188.98821654550295
3,polygon,27,3.0,248.2696749556277,182.5015170959944
3,polygon,28,3.0,241.9351721425771,177.1314628247973
3,polygon,29,3.0,235.16946583228304,172.1798838578596
3,polygon,30,3.0,227.06658317861528,170.03572156287606
3,polygon,31,3.0,219.3867990497739,166.9050994412386
3,polygon,32,3.0,211.0697494962072,166.89991173414793
3,polygon,33,3.0,202.69579308291372,166.83552293486923
3,polygon,34,3.0,194.33501530813209,166.7480641522996
3,polygon,35,3.0,186.06168309331005,165.6954227825675
3,polygon,36,3.0,177.82134160316338,164.3189309892037
3,polygon,37,3.0,169.69587578090557,162.4564129100956
3,polygon,38,3.0,161.46576859775115,161.4834268881212
3,polygon,39,3.0,153.18521788499604,161.4166600260883
3,polygon,40,3.0,144.94655831301233,160.34568611665483
3,polygon,41,3.0,136.69747817808386,159.16765170888144
3,polygon,42,3.0,128.40056235138226,159.20020011798692
3,polygon,43,3.0,120.0926978924659,159.1314608476806
3,polygon,44,3.0,111.78889236981598,159.0833805126687
3,polygon,45,3.0,103.55168706213745,159.9889430231665
3,polygon,46,3.0,95.25389109355739,159.91759110874804
3,polygon,47,3.0,86.97345062286792,159.8460230877724
3,polygon,48,3.0,78.93827626906375,161.83654317039833
4,polygon,0,4.0,76.85872803018805,189.17239062773112
4,polygon,1,4.0,84.48435834436137,192.92579913229113
4,polygon,2,4.0,92.72300539267329,195.34929485369162
4,polygon,3,4.0,101.1629282224826,196.37357413532453
4,polygon,4,4.0,109.77692056461831,196.54607171276027
4,polygon,5,4.0,118.17338344582743,197.64874511897173
4,polygon,6,4.0,126.72126375081297,197.7383874382634
4,polygon,7,4.0,135.03112134235596,199.9537513547732
4,polygon,8,4.0,142.46391798835967,203.79018440188005
4,polygon,9,4.0,150.04775512915947,207.1327980620462
4,polygon,10,4.0,158.39497450728192,209.00505847176632
4,polygon,11,4.0,166.8234724345891,210.35774457660617
4,polygon,12,4.0,175.0085456784019,212.30710935426157
4,polygon,13,4.0,183.24699572866948,214.38798808197862
4,polygon,14,4.0,191.52242610640167,216.45194339946366
4,polygon,15,4.0,197.8998104320395,221.95001590048335
4,polygon,16,4.0,203.85391429825097,228.03933749273017
4,polygon,17,4.0,210.96509422555704,232.67053943148593
4,polygon,18,4.0,219.1910809948833,230.9280399084264
4,polygon,19,4.0,226.9272590989682,227.26795676848823
4,polygon,20,4.0,234.42334993698603,223.0439472679208
4,polygon,21,4.0,241.6793047536294,218.95709466290896
4,polygon,22,4.0,249.7682993010923,217.20358002660052
4,polygon,23,4.0,257.2709634864702,213.65749348858606
4,polygon,24,4.0,259.0545131261237,205.5664219445176
4,polygon,25,4.0,256.9022515004209,197.56607201330044
4,polygon,26,4.0,253.614527309476,189.88019820435127
4,polygon,27,4.0,248.20094869683567,183.37875601672434
4,polygon,28,4.0,241.88106966872607,177.99149903063133
4,polygon,29,4.0,235.12885096554973,173.02154342444646
4,polygon,30,4.0,227.03182791646012,170.85535853186443
4,polygon,31,4.0,219.36058386470174,167.7038678000914
4,polygon,32,4.0,211.04357915620906,167.6760673019039
4,polygon,33,4.0,202.669828757212,167.58891120912412
4,polygon,34,4.0,194.30931967184185,167.47872104906338
4,polygon,35,4.0,186.03888000991338,166.40358962059344
4,polygon,36,4.0,177.8023114514518,165.00469866230085
4,polygon,37,4.0,169.68193956886188,163.12009554436668
4,polygon,38,4.0,161.45450820789472,162.12473669161974
4,polygon,39,4.0,153.17416962979712,162.03545650096524
4,polygon,40,4.0,144.93845232597988,160.94208687026781
4,polygon,41,4.0,136.69260557917022,159.7416288049869
4,polygon,42,4.0,128.39563192428682,159.7516190241034
4,polygon,43,4.0,120.08798506366401,159.66029217048657
4,polygon,44,4.0,111.78434095575902,159.58963521144602
4,polygon,45,4.0,103.54470400480463,160.4727986491706
4,polygon,46,4.0,95.24713270069162,160.37888653581328
4,polygon,47,4.0,86.96691741788324,160.28480550369312
4,polygon,48,4.0,78.92636083717372,162.25347179531755
5,polygon,0,5.0,76.97766232876508,189.33218445654217
5,polygon,1,5.0,84.59563135721297,193.1011181216723
5,polygon,2,5.0,92.82932479987672,195.54139044060332
5,polygon,3,5.0,101.26714372565031,196.5828592091105
5,polygon,4,5.0,109.88076683039213,196.77290260955309
5,polygon,5,5.0,118.27496621364057,197.89267681472123
5,polygon,6,5.0,126.82264618953016,197.99973046269136
5,polygon,7,5.0,135.12797397957937,200.2320164600794
5,polygon,8,5.0,142.5529406239369,204.0835817050098
5,polygon,9,5.0,150.12995332994015,207.44163624780222
5,polygon,10,5.0,158.47334171012943,209.33089555388773
5,polygon,11,5.0,166.89906681228723,210.70074719246642
5,polygon,12,5.0,175.0801523376201,212.66678042467092
5,polygon,13,5.0,183.31434667272046,214.76443605942606
5,polygon,14,5.0,191.58555573052945,216.84524364574597
5,polygon,15,5.0,197.95172758507763,222.35629508641665
5,polygon,16,5.0,203.89341551972012,228.45773219506256
5,polygon,17,5.0,210.9951472164815,233.1034095690599
5,polygon,18,5.0,219.2246662865056,231.37766949793007
5,polygon,19,5.0,226.96828370915426,227.7333520774748
5,polygon,20,5.0,234.47296304766564,223.52462042306638
5,polygon,21,5.0,241.73722748268787,219.45255623713643
5,polygon,22,5.0,249.82977705216643,217.71552203074756
5,polygon,23,5.0,257.3396488363713,214.18472532200857
5,polygon,24,5.0,259.13967579879693,206.09730354601078
5,polygon,25,5.0,257.0037148665233,198.09258618540397
5,polygon,26,5.0,253.7316531557756,190.40003142616607
5,polygon,27,5.0,248.3313288180512,183.88757559432557
5,polygon,28,5.0,242.0224364172383,178.48745657349716
5,polygon,29,5.0,235.28035522062947,173.50375741711676
5,polygon,30,5.0,227.18776135680073,171.32108387270833
5,polygon,31,5.0,219.52295261533652,168.15397381922688
5,polygon,32,5.0,211.20602178892838,168.1092321436778
5,polygon,33,5.0,202.83246629349085,168.00501940913747
5,polygon,34,5.0,194.47219900321076,167.87779962685602
5,polygon,35,5.0,186.2039664764587,166.78582404395937
5,polygon,36,5.0,177.97026446146592,165.37015859628676
5,polygon,37,5.0,169.853748247549,163.46901868220678
5,polygon,38,5.0,161.6283614406279,162.45690311484498
5,polygon,39,5.0,153.34822189895988,162.35075656106005
5,polygon,40,5.0,145.114748808399,161.24061354111342
5,polygon,41,5.0,136.87136442851747,160.02336167568296
5,polygon,42,5.0,128.57438763675978,160.01645144108207
5,polygon,43,5.0,120.26694403814787,159.90820260326262
5,polygon,44,5.0,111.96346108062602,159.8206317705034
5,polygon,45,5.0,103.722042272869,160.6870097344519
5,polygon,46,5.0,95.42467947588206,160.57619616555382
5,polygon,47,5.0,87.14467300827087,160.46524903140792
5,polygon,48,5.0,79.10012305416262,162.41753311197263
6,polygon,0,6.0,76.1938291362425,189.48576289282838
6,polygon,1,6.0,83.82287644091504,193.23222126222356
6,polygon,2,6.0,92.06372839081186,195.6482088114851
6,polygon,3,6.0,100.50458105380399,196.66479709667132
6,polygon,4,6.0,109.11872700191006,196.8294454168007
6,polygon,5,6.0,117.51619116812542,197.9244673953095
6,polygon,6,6.0,126.06414960770232,198.00632073387018
6,polygon,7,6.0,134.37602241876652,200.2141116766431
6,polygon,8,6.0,141.8123117884053,204.04377026674942
6,polygon,9,6.0,149.39919161526694,207.37947204479605
6,polygon,10,6.0,157.74811355686904,209.244125578658
6,polygon,11,6.0,166.177840570817,210.5891309612362
6,polygon,12,6.0,174.3646867039624,212.53103658076185
6,polygon,13,6.0,182.60502945868333,214.6044074580864
6,polygon,14,6.0,190.88233710467728,216.66082123523296
6,polygon,15,6.0,197.26472870033186,222.15308029531724
6,polygon,16,6.0,203.2243787664122,228.23697390001695
6,polygon,17,6.0,210.33977575497906,232.8616941133001
6,polygon,18,6.0,218.56417132024063,231.11169968385218
6,polygon,19,6.0,226.29701109562134,227.44456875386456
6,polygon,20,6.0,233.78924984732302,223.21373046811098
6,polygon,21,6.0,241.0414776565521,219.1202678361444
6,polygon,22,6.0,249.128871019704,217.35938312717585
6,polygon,23,6.0,256.6283008485592,213.8064615328095
6,polygon,24,6.0,258.4044770545352,205.71376815336734
6,polygon,25,6.0,256.24492629588093,197.7153827132804
6,polygon,26,6.0,252.95019999825033,190.03250791366818
6,polygon,27,6.0,247.53069943150916,183.5360013508004
6,polygon,28,6.0,241.20591408609704,178.15450536003655
6,polygon,29,6.0,234.44916949573687,173.19070452966358
6,polygon,30,6.0,226.35017595135486,171.03189865270346
6,polygon,31,6.0,218.67606340360527,167.8873993700573
6,polygon,32,6.0,210.3590368157713,167.86717744997773
6,polygon,33,6.0,201.985210475375,167.78765166738413
6,polygon,34,6.0,193.62460445415647,167.6850797614092
6,polygon,35,6.0,185.35318855152315,166.61748491515513
6,polygon,36,6.0,177.1153487242564,165.22609980968372
6,polygon,37,6.0,168.99326293716817,163.34889686624254
6,polygon,38,6.0,160.76492800748514,162.3610353728511
6,polygon,39,6.0,152.48451151370134,162.27930037515688
6,polygon,40,6.0,144.2478013358689,161.1934356947672
6,polygon,41,6.0,136.00086413882727,160.00049185433707
6,polygon,42,6.0,127.70390303169651,160.018042383307
6,polygon,43,6.0,119.39617640177786,159.93428560717453
6,polygon,44,6.0,111.09247135760127,159.87119506967503
6,polygon,45,6.0,102.85364257777819,160.76186620877485
6,polygon,46,6.0,94.55598914446296,160.67551499299253
6,polygon,47,6.0,86.27569157132588,160.58897904347745
6,polygon,48,6.0,78.23693220390054,162.5649711811138
7,polygon,0,7.0,75.88640633750286,188.88569352163728
7,polygon,1,7.0,83.51133430947598,192.64052860626674
7,polygon,2,7.0,91.74952781241385,195.06556561762503
7,polygon,3,7.0,100.18925886659831,196.09142386950666
7,polygon,4,7.0,108.80321878616893,196.26553299799988
7,polygon,5,7.0,117.19947522610053,197.3697772423568
7,polygon,6,7.0,125.7473386107051,197.4610187455447
7,polygon,7,7.0,134.05678159409507,199.67793727812315
7,polygon,8,7.0,141.4888603685755,203.5157608274406
7,polygon,9,7.0,149.07207202171358,206.85979325596364
7,polygon,10,7.0,157.41894098076062,208.73361527760986
7,polygon,11,7.0,165.84718569244959,210.08787820951616
7,polygon,12,7.0,174.0318940949062,212.03877426253865
7,polygon,13,7.0,182.26995469851502,214.12119424935398
7,polygon,14,7.0,190.54499879506793,216.18669774472087
7,polygon,15,7.0,196.92135439880946,221.68596326640593
7,polygon,16,7.0,202.8743189363309,227.77639867928485
7,polygon,17,7.0,209.9846323079133,232.4089309364799
7,polygon,18,7.0,218.2109449298798,230.66797040772914
7,polygon,19,7.0,225.94780764749183,227.00933465950186
7,polygon,20,7.0,233.4446886057499,222.78672764363992
7,polygon,21,7.0,240.70140788675346,218.70123259493735
7,polygon,22,7.0,248.79073035002332,216.94923132385603
7,polygon,23,7.0,256.29405782589015,213.40454848846176
7,polygon,24,7.0,258.0791211574466,205.3138107624769
7,polygon,25,7.0,255.92835631981646,197.31305831407474
7,polygon,26,7.0,252.64207010285594,189.6265695537219
7,polygon,27,7.0,247.22970791128216,183.12411467717607
7,polygon,28,7.0,240.9108368720735,177.73567542689244
7,polygon,29,7.0,234.15954809427788,172.7644566646789
7,polygon,30,7.0,226.06293044892857,170.59675697344932
7,polygon,31,7.0,218.39227613001043,167.44383111739873
7,polygon,32,7.0,210.07527676814297,167.41447462773627
7,polygon,33,7.0,201.7015428213423,167.32575192821773
7,polygon,34,7.0,193.3410544972795,167.2139976390807
7,polygon,35,7.0,185.0708161217151,166.1373189491151
7,polygon,36,7.0,176.83450941977648,164.73688707178914
7,polygon,37,7.0,168.7144902614352,162.8507647820487
7,polygon,38,7.0,160.48724526177793,161.8538667126446
7,polygon,39,7.0,152.2069235316301,161.7630373912967
7,polygon,40,7.0,143.97141092567463,160.6681269954766
7,polygon,41,7.0,135.72578891160995,159.46612627187403
7,polygon,42,7.0,127.42881353290153,159.47456424637627
7,polygon,43,7.0,119.12118390360762,159.38168315311498
7,polygon,44,7.0,110.8175531599215,159.30947270292572
7,polygon,45,7.0,102.5777511259879,160.1910946076277
7,polygon,46,7.0,94.28019753669236,160.09563013966286
7,polygon,47,7.0,86.0,160.0000000000001
7,polygon,48,7.0,77.95907525085556,161.96716198467905
8,polygon,0,8.0,75.60551703538908,188.27077951726403
8,polygon,1,8.0,83.21045929120255,192.06592989324193
8,polygon,2,8.0,91.43569870378172,194.53454758418957
8,polygon,3,8.0,99.86988037892968,195.60507310491172
8,polygon,4,8.0,108.48279781012857,195.82478384189093
8,polygon,5,8.0,116.87309048897306,196.9734640931433
8,polygon,6,8.0,125.42035102950112,197.1099584377127
8,polygon,7,8.0,133.7179407453943,199.37083777571436
8,polygon,8,8.0,141.12959714863777,203.24795447063573
8,polygon,9,8.0,148.6949985427119,206.63208709301392
8,polygon,10,8.0,157.03183013218091,208.55007286906667
8,polygon,11,8.0,165.45278698491504,209.9489376563991
8,polygon,12,8.0,173.62705224484168,211.94313787285148
8,polygon,13,8.0,181.85397264387723,214.06914263722828
8,polygon,14,8.0,190.11796557688785,216.17842694533334
8,polygon,15,8.0,196.4651175943905,221.7113731162329
8,polygon,16,8.0,202.38575470609814,227.83323937538196
8,polygon,17,8.0,209.47144286692608,232.5033501496098
8,polygon,18,8.0,217.70685719981174,230.8059657845661
8,polygon,19,8.0,225.46298104870934,227.18834182816266
8,polygon,20,8.0,232.9821122795703,223.00548399579617
8,polygon,21,8.0,240.2603593003705,218.95846474448598
8,polygon,22,8.0,248.35884384631896,217.2493145381943
8,polygon,23,8.0,255.88083243652395,213.74440551477258
8,polygon,24,8.0,257.70870475576004,205.66323166236026
8,polygon,25,8.0,255.60032766374906,197.6512047549365
8,polygon,26,8.0,252.35478133042875,189.94742545117356
8,polygon,27,8.0,246.97692030295013,183.41640756087352
8,polygon,28,8.0,240.68666530764136,177.99459044314077
8,polygon,29,8.0,233.96178978404652,172.98769865929643
8,polygon,30,8.0,225.87676184906198,170.77716421331772
8,polygon,31,8.0,218.22290725776114,167.58367254598662
8,polygon,32,8.0,209.90617987275607,167.51028458855848
8,polygon,33,8.0,201.53303299465753,167.37723088887148
8,polygon,34,8.0,193.17325348756788,167.22121604734926
8,polygon,35,8.0,184.90883116939634,166.1007681293308
8,polygon,36,8.0,176.680054064267,164.65675120230776
8,polygon,37,8.0,168.57013421645314,162.72766631933348
8,polygon,38,8.0,160.3482822968985,161.68722551943998
8,polygon,39,8.0,152.06855747922037,161.55255977064172
8,polygon,40,8.0,143.83895696634082,160.41406424753276
8,polygon,41,8.0,135.599814144915,159.16842637619268
8,polygon,42,8.0,127.30291037089674,159.1329383642855
8,polygon,43,8.0,118.99588889927209,158.99607629877903
8,polygon,44,8.0,110.69275682264218,158.8799057575685
8,polygon,45,8.0,102.44840277956474,159.71789212598958
8,polygon,46,8.0,94.15147088363787,159.57850006658057
8,polygon,47,8.0,85.87189567417923,159.43903422425328
8,polygon,48,8.0,77.82066905969455,161.36359835609798
9,polygon,0,9.0,75.92108070743663,187.46757871245475
9,polygon,1,9.0,83.52716607730848,191.26043758628117
9,polygon,2,9.0,91.75314889833248,193.72657694295248
9,polygon,3,9.0,100.1876527344789,194.7945612396303
9,polygon,4,9.0,108.80063597245584,195.01167693902124
9,polygon,5,9.0,117.19127436190824,196.15782918621017
9,polygon,6,9.0,125.73857563952448,196.2917482790511
9,polygon,7,9.0,134.03684617008386,198.55012749343217
9,polygon,8,9.0,141.44967039218815,202.4250109185125
9,polygon,9,9.0,149.01609106458534,205.8068639708528
9,polygon,10,9.0,157.35350015487708,207.72233781547448
9,polygon,11,9.0,165.7748780961381,209.11866534843026
9,polygon,12,9.0,173.9497438272842,211.11040261038917
9,polygon,13,9.0,182.17730440717995,213.23392854956808
9,polygon,14,9.0,190.44193248158084,215.3407228634708
9,polygon,15,9.0,196.7907512591454,220.87175641905546
9,polygon,16,9.0,202.7132325888604,226.9918385429011
9,polygon,17,9.0,209.80032750837216,231.65981422384525
9,polygon,18,9.0,218.03523005430034,229.9599486479661
9,polygon,19,9.0,225.7902635797066,226.33998797563723
9,polygon,20,9.0,233.30813419578047,222.1548648576548
9,polygon,21,9.0,240.58516154019134,218.1056528917336
9,polygon,22,9.0,248.68313076041014,216.39406273137934
9,polygon,23,9.0,256.20406299817915,212.88688753066242
9,polygon,24,9.0,258.0295004184324,204.80516331654317
9,polygon,25,9.0,255.91870943972017,196.79377201592715
9,polygon,26,9.0,252.67084214472766,189.09097092821023
9,polygon,27,9.0,247.2910135993285,182.561573656149
9,polygon,28,9.0,240.99912532398605,177.14165200590762
9,polygon,29,9.0,234.27274155494848,172.13678661964585
9,polygon,30,9.0,226.1870479643061,169.92868825123395
9,polygon,31,9.0,218.53223153783387,166.73750279577996
9,polygon,32,9.0,210.215482418906,166.66662062876478
9,polygon,33,9.0,201.84229583246497,166.53608972110126
9,polygon,34,9.0,193.4824696983524,166.38259364512479
9,polygon,35,9.0,185.21771017011622,165.26463580579758
9,polygon,36,9.0,176.98849836363019,163.8230982324335
9,polygon,37,9.0,168.87799766059052,161.89645691405624
9,polygon,38,9.0,160.6558326347712,160.85849336298094
9,polygon,39,9.0,152.37606761880812,160.7263222586942
9,polygon,40,9.0,144.14612445663303,159.59030632346528
9,polygon,41,9.0,135.9066067049077,158.34715091991674
9,polygon,42,9.0,127.609692615125,158.3141627239505
9,polygon,43,9.0,119.30263028471546,158.17980352739633
9,polygon,44,9.0,110.99946358337372,158.06613468234428
9,polygon,45,9.0,102.75536239547402,158.90660499409688
9,polygon,46,9.0,94.45838887803019,158.7697127638179
9,polygon,47,9.0,86.17877202403638,158.6327415211438
9,polygon,48,9.0,78.12812563624148,160.55973135870252
10,polygon,0,10.0,75.64674134018027,186.4484771716557
10,polygon,1,10.0,83.25546902429254,190.23603259957568
10,polygon,2,10.0,91.48316909655783,192.69643667597265
10,polygon,3,10.0,99.91841542017026,193.7585406633026
10,polygon,4,10.0,108.53154792570875,193.96965183456035
10,polygon,5,10.0,116.92298330747532,195.10995433386688
10,polygon,6,10.0,125.47037586873631,195.23791470846788
10,polygon,7,10.0,133.77021879457698,197.49050829823742
10,polygon,8,10.0,141.18574256067328,201.36022298800972
10,polygon,9,10.0,148.75451902738538,204.73680034625994
10,polygon,10,10.0,157.09326144959238,206.64646136444986
10,polygon,11,10.0,165.51561078348433,208.03691765888635
10,polygon,12,10.0,173.69186305250233,210.02295539174057
10,polygon,13,10.0,181.92090203293301,212.14074503397896
10,polygon,14,10.0,190.18699683453676,214.2417772136868
10,polygon,15,10.0,196.53966998704422,219.7683833947685
10,polygon,16,10.0,202.46641644600678,225.88433521886037
10,polygon,17,10.0,209.55676388686283,230.5473690514635
10,polygon,18,10.0,217.79047938339684,228.84176298934688
10,polygon,19,10.0,225.54298739641152,225.21639683438744
10,polygon,20,10.0,233.05793855904994,221.0260337074189
10,polygon,21,10.0,240.3321412579711,216.97174960152904
10,polygon,22,10.0,248.42891528836668,215.25451441980687
10,polygon,23,10.0,255.94740069816035,211.74209691097383
10,polygon,24,10.0,257.7672035626165,203.65910207101138
10,polygon,25,10.0,255.65082801667788,195.64918423897635
10,polygon,26,10.0,252.39759156207904,187.9486492489069
10,polygon,27,10.0,247.01321240464145,181.42300406982736
10,polygon,28,10.0,240.71754720133657,176.0074700784242
10,polygon,29,10.0,233.98767596321974,171.0072951553499
10,polygon,30,10.0,225.90044497854615,168.8048342029437
10,polygon,31,10.0,218.24340570169605,165.61898601967056
10,polygon,32,10.0,209.92660918880898,165.55390182790342
10,polygon,33,10.0,201.55333363846006,165.42920825493155
10,polygon,34,10.0,193.19340252720156,165.28154020509018
10,polygon,35,10.0,184.92786563157793,164.16934435130892
10,polygon,36,10.0,176.69765086793007,162.7335440602996
10,polygon,37,10.0,168.58580899251666,160.81255738362157
10,polygon,38,10.0,160.36292235636532,159.78032610422179
10,polygon,39,10.0,152.08306721034205,159.65392720689212
10,polygon,40,10.0,143.85233408325558,158.52364898963407
10,polygon,41,10.0,135.61195167748483,157.28623800494356
10,polygon,42,10.0,127.31501660641499,157.25903394717815
10,polygon,43,10.0,119.00786262716682,157.1304659882267
10,polygon,44,10.0,110.70461870016005,157.0225856599415
10,polygon,45,10.0,102.46110544305597,157.86880307953072
10,polygon,46,10.0,94.16403850843679,157.7376950541312
10,polygon,47,10.0,85.88432817796702,157.6064959162906
10,polygon,48,10.0,77.83502713273282,159.5390977321237
11,polygon,0,11.0,75.77982540246572,185.4713734803286
11,polygon,1,11.0,83.40637410596563,189.2229155584195
11,polygon,2,11.0,91.64561403937407,191.64439486207516
11,polygon,3,11.0,100.08578730084716,192.66660850717776
11,polygon,4,11.0,108.69982160244736,192.83699787142623
11,polygon,5,11.0,117.09655410297765,193.93761627524592
11,polygon,6,11.0,125.64445609122393,194.0251665642417
11,polygon,7,11.0,133.9548556270808,196.23849664101022
11,polygon,8,11.0,141.38859098780122,200.0731104537107
11,polygon,9,11.0,148.97324598031744,203.4138679282668
11,polygon,10,11.0,157.32092332970444,205.28408536451303
11,polygon,11,11.0,165.74975206404827,206.6347086191435
11,polygon,12,11.0,173.9353021546796,208.58207010502846
11,polygon,13,11.0,182.1742612371896,210.66093247347564
11,polygon,14,11.0,190.45019650418288,212.72286238154842
11,polygon,15,11.0,196.82892624955463,218.21937390240137
11,polygon,16,11.0,202.78452025182045,224.30723809139354
11,polygon,17,11.0,209.89683341701635,228.93669948514514
11,polygon,18,11.0,218.12239347669436,227.1921867676152
11,polygon,19,11.0,225.8576755720373,223.53021036752065
11,polygon,20,11.0,233.35273239188714,219.30436638318807
11,polygon,21,11.0,240.60768676564422,215.2157380617377
11,polygon,22,11.0,248.6962519116979,213.4602437590758
11,polygon,23,11.0,256.1980479951141,209.91232110821687
11,polygon,24,11.0,257.9796173541525,201.82081329648744
11,polygon,25,11.0,255.82539776912282,193.82099035426717
11,polygon,26,11.0,252.535792618457,186.13592142057973
11,polygon,27,11.0,247.12062299024473,179.63580435917387
11,polygon,28,11.0,240.79942566191946,174.25009427595177
11,polygon,29,11.0,234.04599080276174,169.28179137193243
11,polygon,30,11.0,225.94843783916986,167.11758822801016
11,polygon,31,11.0,218.27642271417176,163.96797506828878
11,polygon,32,11.0,209.95941145081133,163.94221009352796
11,polygon,33,11.0,201.5856399718232,163.85710341402142
11,polygon,34,11.0,193.2251041686555,163.74895942721474
11,polygon,35,11.0,184.9544016243176,162.67585215710324
11,polygon,36,11.0,176.71749094479065,161.27897707717486
11,polygon,37,11.0,168.59665806335977,159.39636141391378
11,polygon,38,11.0,160.36898334241621,158.403016191187
11,polygon,39,11.0,152.0886231616734,158.31576255204857
11,polygon,40,11.0,143.85263851074782,157.2244085822271
11,polygon,41,11.0,135.6064982080669,156.0259686601323
11,polygon,42,11.0,127.30952724670165,156.03798949909822
11,polygon,43,11.0,119.00185828334651,155.9486958805497
11,polygon,44,11.0,110.69819713138624,155.88007117631565
11,polygon,45,11.0,102.45877657462653,156.7652511750236
11,polygon,46,11.0,94.1611825347571,156.67336983089749
11,polygon,47,11.0,85.88094447433097,156.58131532026155
11,polygon,48,11.0,77.84086995028403,158.55194941697792
12,polygon,0,12.0,74.96786628514033,183.81263437171884
12,polygon,1,12.0,82.60557977112474,187.54139365552285
12,polygon,2,12.0,90.85201137479073,189.9382671407873
12,polygon,3,12.0,99.29519845070527,190.9352813939597
12,polygon,4,12.0,107.90970300375598,191.07995616737398
12,polygon,5,12.0,116.30968355902988,192.15550450534337
12,polygon,6,12.0,124.85780880970326,192.2175379847566
12,polygon,7,12.0,133.1747783506307,194.40605075135934
12,polygon,8,12.0,140.61992733109147,198.21845696850394
12,polygon,9,12.0,148.2145210559135,201.53655853629797
12,polygon,10,12.0,156.56774401563644,203.38184891276072
12,polygon,11,12.0,165.0005669534612,204.70730517689958
12,polygon,12,12.0,173.19189366017807,206.63022322683568
12,polygon,13,12.0,181.43702166528604,208.6844821417741
12,polygon,14,12.0,189.7190751448913,210.72169829383725
12,polygon,15,12.0,196.11418415639977,216.1991441214363
12,polygon,16,12.0,202.0879245622577,222.26920308876586
12,polygon,17,12.0,209.21402548597422,226.8774128258614
12,polygon,18,12.0,217.43434133641253,225.1083536872155
12,polygon,19,12.0,225.15865756874905,221.4233029423485
12,polygon,20,12.0,232.64106638968005,217.17510422416785
12,polygon,21,12.0,239.88378343799806,213.06483728949482
12,polygon,22,12.0,247.9670722039567,211.28520555940005
12,polygon,23,12.0,255.45824392752925,207.71490503681326
12,polygon,24,12.0,257.2156513157539,199.61811509757464
12,polygon,25,12.0,255.0375609849461,191.62475837850843
12,polygon,26,12.0,251.72502972219,183.949543515322
12,polygon,27,12.0,246.2904806627763,177.46562028666497
12,polygon,28,12.0,239.95323456635484,172.09880366248845
12,polygon,29,12.0,233.18499887085713,167.15068263393988
12,polygon,30,12.0,225.0810216031192,165.0106612110737
12,polygon,31,12.0,217.39963872166618,161.88396388600214
12,polygon,32,12.0,209.08258760305716,161.88302621155228
12,polygon,33,12.0,200.70859938025333,161.8229165321834
12,polygon,34,12.0,192.3477780054247,161.73973013822035
12,polygon,35,12.0,184.07390896855725,160.69131659822304
12,polygon,36,12.0,175.8328651637266,159.31903581853828
12,polygon,37,12.0,167.70644865120653,157.46067011482816
12,polygon,38,12.0,159.475845344434,156.49188982409527
12,polygon,39,12.0,151.19526159477766,156.42935435174925
12,polygon,40,12.0,142.9560558282505,155.3625905566417
12,polygon,41,12.0,134.70637479197165,154.1887716021045
12,polygon,42,12.0,126.40947668084348,154.22555975054198
12,polygon,43,12.0,118.1015781806867,154.1610658275688
12,polygon,44,12.0,109.79774917303118,154.11722876306675
12,polygon,45,12.0,101.56100768539771,155.02700038669798
12,polygon,46,12.0,93.26317633919534,154.95988867493148
12,polygon,47,12.0,84.98270037818668,154.89255198793555
12,polygon,48,12.0,76.94854423393166,156.88717780374645
13,polygon,0,13.0,75.14653142503639,182.28263298775397
13,polygon,1,13.0,82.82354472338336,185.92979351445777
13,polygon,2,13.0,91.09504907733297,188.2386573954385
13,polygon,3,13.0,99.5483809099744,189.1456449075744
13,polygon,4,13.0,108.1639380106573,189.19851578298227
13,polygon,5,13.0,116.57490263062246,190.18449332734255
13,polygon,6,13.0,125.12320357663513,190.15543493498095
13,polygon,7,13.0,133.46302158268028,192.2551982788708
13,polygon,8,13.0,140.94837264567656,195.98805294647832
13,polygon,9,13.0,148.5778926851346,199.22503855454212
13,polygon,10,13.0,156.95030469284347,200.98121268072668
13,polygon,11,13.0,165.39677283572937,202.21673399582502
13,polygon,12,13.0,173.60812497847846,204.05225654559462
13,polygon,13,13.0,181.87467492597702,206.01853919967346
13,polygon,14,13.0,190.1779666447468,207.96738658268683
13,polygon,15,13.0,196.6310799260313,213.3763754939593
13,polygon,16,13.0,202.66916337820027,219.38243397919575
13,polygon,17,13.0,209.84396453706663,223.91444674250366
13,polygon,18,13.0,218.04496267297938,222.05789281337874
13,polygon,19,13.0,225.72957265120448,218.2907414052262
13,polygon,20,13.0,233.1662880789575,213.963051749149
13,polygon,21,13.0,240.3647951363373,209.77584018760635
13,polygon,22,13.0,248.42866130669665,207.9101744203353
13,polygon,23,13.0,255.8813627852349,204.2602510943693
13,polygon,24,13.0,257.55239144892187,196.1451940241153
13,polygon,25,13.0,255.2892480148153,188.17550074745404
13,polygon,26,13.0,251.89511816000982,180.53601980359846
13,polygon,27,13.0,246.39178532638275,174.11037496151337
13,polygon,28,13.0,239.9977105336206,168.81139238853677
13,polygon,29,13.0,233.17713220883246,163.93567424057082
13,polygon,30,13.0,225.05081110416313,161.88212985338436
13,polygon,31,13.0,217.3365464286529,158.83746244129082
13,polygon,32,13.0,209.01995752871332,158.92515085666153
13,polygon,33,13.0,200.64580422364,158.95427734530654
13,polygon,34,13.0,192.28457111478437,158.9601881243617
13,polygon,35,13.0,184.00000000000009,157.99999999999997
13,polygon,36,13.0,175.7448011421727,156.71561324004225
13,polygon,37,13.0,167.5990433744969,154.94394769202412
13,polygon,38,13.0,159.35858410084268,154.06292725842806
13,polygon,39,13.0,151.07780411665098,154.0886327789249
13,polygon,40,13.0,142.82769876485528,153.10972607141946
13,polygon,41,13.0,134.56597796419774,152.02388190656345
13,polygon,42,13.0,126.2699429318095,152.14907925356022
13,polygon,43,13.0,117.96182887880327,152.17311749909342
13,polygon,44,13.0,109.65800420558907,152.21776806599306
13,polygon,45,13.0,101.43142484484592,153.21525829785594
13,polygon,46,13.0,93.13334947920691,153.2365716281883
13,polygon,47,13.0,84.85262611606535,153.25747505804003
13,polygon,48,13.0,76.84018074292948,155.33759914998348
14,polygon,0,14.0,74.59997769707178,182.30919404479482
14,polygon,1,14.0,82.28554532306046,185.93829356904288
14,polygon,2,14.0,90.56245563150216,188.22770232335395
14,polygon,3,14.0,99.01789669154535,189.11481105403752
14,polygon,4,14.0,107.63355429127674,189.14742406961363
14,polygon,5,14.0,116.04681398460271,190.113622231972
14,polygon,6,14.0,124.59502297572743,190.06446434529494
14,polygon,7,14.0,132.93975509044242,192.1446125150036
14,polygon,8,14.0,140.43386250307043,195.85985659766797
14,polygon,9,14.0,148.0709725593466,199.07889400776895
14,polygon,10,14.0,156.44749070612193,200.8153772714519
14,polygon,11,14.0,164.89684057517,202.03103503549016
14,polygon,12,14.0,173.1124858737301,203.8472452026211
14,polygon,13,14.0,181.38363627999576,205.7940853262962
14,polygon,14,14.0,189.69148736050713,207.72340383637032
14,polygon,15,14.0,196.15730093038587,213.11720462458368
14,polygon,16,14.0,202.20948970493498,219.10904919371757
14,polygon,17,14.0,209.3949271280739,223.6241793573131
14,polygon,18,14.0,217.59153728859133,221.7483475968675
14,polygon,19,14.0,225.26726834116005,217.96313781958776
14,polygon,20,14.0,232.69378753790386,213.6179742170184
14,polygon,21,14.0,239.8824293281512,209.41384841873727
14,polygon,22,14.0,247.94188647757204,207.5292272829961
14,polygon,23,14.0,255.38598530928536,203.86179054907402
14,polygon,24,14.0,257.03792846313655,195.74282683042208
14,polygon,25,14.0,254.7560521875313,187.7784769015057
14,polygon,26,14.0,251.34396904411517,180.146997674958
14,polygon,27,14.0,245.8255428387246,173.73431055254582
14,polygon,28,14.0,239.4190262514876,168.45037698165342
14,polygon,29,14.0,232.58700253060312,163.59070950123404
14,polygon,30,14.0,224.45587540148261,161.55627816633486
14,polygon,31,14.0,216.734473140167,158.52975768019243
14,polygon,32,14.0,208.41811341105634,158.63700060450373
14,polygon,33,14.0,200.04405173958958,158.68581711485214
14,polygon,34,14.0,191.68285564165052,158.71138760059705
14,polygon,35,14.0,183.39604974264256,157.77068159856978
14,polygon,36,14.0,175.13785373286672,156.505708794296
14,polygon,37,14.0,166.98795277468682,154.75320122069084
14,polygon,38,14.0,158.7454447414418,153.8915589706483
14,polygon,39,14.0,150.4647480890408,153.93673497411135
14,polygon,40,14.0,142.21236384484263,152.9772294015185
14,polygon,41,14.0,133.94811274241528,151.91081397852528
14,polygon,42,14.0,125.6523950185908,152.05551740257712
14,polygon,43,14.0,117.34436045268001,152.09909040613627
14,polygon,44,14.0,109.04066372034592,152.16326558848735
14,polygon,45,14.0,100.81645249380061,153.18009617537646
14,polygon,46,14.0,92.51845018042849,153.22092066735493
14,polygon,47,14.0,84.23779885779086,153.26129446031447
14,polygon,48,14.0,76.23026661817163,155.36025242245395
15,polygon,0,15.0,75.15593939964555,184.07477043809413
15,polygon,1,15.0,82.83060225494417,187.72687437254646
15,polygon,2,15.0,91.10061793480493,190.04106480402822
15,polygon,3,15.0,99.5533638946253,190.95349625825358
15,polygon,4,15.0,108.1688851585985,191.0119157294924
15,polygon,5,15.0,116.57921304322417,192.00330991415146
15,polygon,6,15.0,125.12753093071132,191.97975682018003
15,polygon,7,15.0,133.4659949138098,194.08489075341743
15,polygon,8,15.0,140.94894038460814,197.82256537633972
15,polygon,9,15.0,148.57637415246617,201.06446389051982
15,polygon,10,15.0,156.9476534094235,202.82602966855453
15,polygon,11,15.0,165.39332409797288,204.06699043724433
15,polygon,12,15.0,173.6034924212549,205.90780089634072
15,polygon,13,15.0,181.8687743254786,207.87940698121992
15,polygon,14,15.0,190.17080922204892,209.83360146115194
15,polygon,15,15.0,196.62043765817094,215.24674519648042
15,polygon,16,15.0,202.65465182541126,221.25669109368397
15,polygon,17,15.0,209.826532781228,225.79332364566
15,polygon,18,15.0,218.0287248776478,223.94205172332602
15,polygon,19,15.0,225.71575938994218,220.17985015294505
15,polygon,20,15.0,233.15526040203807,215.85695080138456
15,polygon,21,15.0,240.35646262220223,211.67437610383686
15,polygon,22,15.0,248.42152864972996,209.81390402926783
15,polygon,23,15.0,255.8765792129879,206.1687811626275
15,polygon,24,15.0,257.55283380398663,198.05480195421822
15,polygon,25,15.0,255.294823495613,190.08365281656694
15,polygon,26,15.0,251.9056143371381,182.44198756330417
15,polygon,27,15.0,246.4064209003127,176.01279978733518
15,polygon,28,15.0,240.01576009398693,170.7097003895643
15,polygon,29,15.0,233.1983232525576,165.82959065144408
15,polygon,30,15.0,225.0733263605427,163.77081316198885
15,polygon,31,15.0,217.3610241170917,160.72117822650063
15,polygon,32,15.0,209.0443804686104,160.8035105589368
15,polygon,33,15.0,200.67021014209206,160.8272439040588
15,polygon,34,15.0,192.30897496053558,160.8277698652938
15,polygon,35,15.0,184.02502394592975,159.8622464954607
15,polygon,36,15.0,175.77065397318597,158.57254347363912
15,polygon,37,15.0,167.62603888607137,156.79563224726044
15,polygon,38,15.0,159.386148717727,155.90930496076345
15,polygon,39,15.0,151.10535389590447,155.9296774729031
15,polygon,40,15.0,142.85588069231565,154.94545772051174
15,polygon,41,15.0,134.59486091233012,153.85429305234416
15,polygon,42,15.0,126.29874697056714,153.97414754576698
15,polygon,43,15.0,117.99061915936014,153.99283517955192
15,polygon,44,15.0,109.6867674522708,154.03213789288284
15,polygon,45,15.0,101.45954739209459,155.0243298212422
15,polygon,46,15.0,93.16146002107783,155.04029900552513
15,polygon,47,15.0,84.88072491294486,155.0558694644807
15,polygon,48,15.0,76.86694155613552,157.13083293536295
16,polygon,0,16.0,75.82127733337953,184.87302922915657
16,polygon,1,16.0,83.45260663595273,188.6148371031969
16,polygon,2,16.0,91.69492956643299,191.02580151769655
16,polygon,3,16.0,100.13640025823912,192.03724503035448
16,polygon,4,16.0,108.75064495727025,192.19664311631612
16,polygon,5,16.0,117.1487749646167,193.28654675242117
16,polygon,6,16.0,125.69678170500858,193.36319021256904
16,polygon,7,16.0,134.00999859049423,195.56591477301095
16,polygon,8,16.0,141.44862070322722,199.39104033562177
16,polygon,9,16.0,149.03753218532347,202.72211739510445
16,polygon,10,16.0,157.38758905693,204.58168202943253
16,polygon,11,16.0,165.81813426746643,205.92154935941355
16,polygon,12,16.0,174.0061624448044,207.85846484803506
16,polygon,13,16.0,182.24776736004983,209.92681296458173
16,polygon,14,16.0,190.52632682458298,211.9781814545067
16,polygon,15,16.0,196.91206469121963,217.46654951450077
16,polygon,16,16.0,202.87542169992574,223.54680966437536
16,polygon,17,16.0,209.99363607032245,228.16719228198758
16,polygon,18,16.0,218.21696351045372,226.41218552149417
16,polygon,19,16.0,225.9475667836508,222.7403422130432
16,polygon,20,16.0,233.43722550596993,218.50493829654513
16,polygon,21,16.0,240.68695705896872,214.40705629168974
16,polygon,22,16.0,248.77327568496094,212.641242754658
16,polygon,23,16.0,256.2705386640059,209.08375102077045
16,polygon,24,16.0,258.0417821546695,200.9899765894483
16,polygon,25,16.0,255.8773568911048,192.99290885146814
16,polygon,26,16.0,252.5779485988078,185.31204356925312
16,polygon,27,16.0,247.15448950718695,178.81884132415036
16,polygon,28,16.0,240.82642538866205,173.44120120268596
16,polygon,29,16.0,234.0666566848803,168.4815194372552
16,polygon,30,16.0,225.96634888226174,166.32765018653996
16,polygon,31,16.0,218.2903212307735,163.18782875408914
16,polygon,32,16.0,209.97328386273475,163.17267595118474
16,polygon,33,16.0,201.59941060779425,163.09825391544987
16,polygon,34,16.0,193.2387436232803,163.00077770301135
16,polygon,35,16.0,184.96667857256432,161.9382243693822
16,polygon,36,16.0,176.72799224526486,160.55186037251892
16,polygon,37,16.0,168.60476383734758,158.6796080774233
16,polygon,38,16.0,160.37582834796308,157.6967618245863
16,polygon,39,16.0,152.09536357579918,157.6200736421433
16,polygon,40,16.0,143.85799310822503,156.53922932510952
16,polygon,41,16.0,135.61033036006458,155.35131210115154
16,polygon,42,16.0,127.31338149079079,155.37391951064618
16,polygon,43,16.0,119.00560535531828,155.29522619529308
16,polygon,44,16.0,110.70186340062936,155.23719666363317
16,polygon,45,16.0,102.46357900288002,156.13288909023237
16,polygon,46,16.0,94.1658744808647,156.05159519623643
16,polygon,47,16.0,85.88552570321121,155.97010599038367
16,polygon,48,16.0,77.84797216893436,157.95099727437773
17,polygon,0,17.0,75.02017846531942,186.2918930967533
17,polygon,1,17.0,82.66879243465084,189.99824135868053
17,polygon,2,17.0,90.9222166035651,192.37092468906542
17,polygon,3,17.0,99.36829078863322,193.3431778866665
17,polygon,4,17.0,107.98318251923632,193.4625929384004
17,polygon,5,17.0,116.3862806438476,194.51350657159892
17,polygon,6,17.0,124.93455103998406,194.55047531927883
17,polygon,7,17.0,133.25790189611038,196.71459199823104
17,polygon,8,17.0,140.71419745384685,200.50515146372663
17,polygon,9,17.0,148.31848773353212,203.80097020898378
17,polygon,10,17.0,156.67708546988032,205.62175967243678
17,polygon,11,17.0,165.11375860571326,206.92248385840566
17,polygon,12,17.0,173.31068840171892,208.82137536723317
17,polygon,13,17.0,181.56180437717583,210.85144942247823
17,polygon,14,17.0,189.84979569629937,212.86437251673732
17,polygon,15,17.0,196.2609379603839,218.3230433195087
17,polygon,16,17.0,202.25245106632906,224.37556023437355
17,polygon,17,17.0,209.39203336154387,228.96285529856013
17,polygon,18,17.0,217.60712671135502,227.16970048904645
17,polygon,19,17.0,225.3206045826295,223.46201665965367
17,polygon,20,17.0,232.79052484283258,219.19189658887046
17,polygon,21,17.0,240.0211587987705,215.06041052311863
17,polygon,22,17.0,248.09919465262996,213.25708495284735
17,polygon,23,17.0,255.57986548331235,209.66483446929053
17,polygon,24,17.0,257.31352423878695,201.5629263379977
17,polygon,25,17.0,255.11200547578056,193.57599048852884
17,polygon,26,17.0,251.77698350015305,185.91052148885922
17,polygon,27,17.0,246.32344590683434,179.4425610968537
17,polygon,28,17.0,239.97049069154565,174.09434935864795
17,polygon,29,17.0,233.1877754121039,169.1660951463532
17,polygon,30,17.0,225.0775580979035,167.04984507540607
17,polygon,31,17.0,217.38704026240833,163.94568422969897
17,polygon,32,17.0,209.07002214763102,163.96913347817608
17,polygon,33,17.0,200.6958936716741,163.93357792476246
17,polygon,34,17.0,192.33486432248722,163.87490714866064
17,polygon,35,17.0,184.05795673770626,162.85075841772422
17,polygon,36,17.0,175.81292461351026,161.50264759052726
17,polygon,37,17.0,167.68109401042932,159.66811782339846
17,polygon,38,17.0,159.44768546712652,158.72347513738654
17,polygon,39,17.0,151.1669539499796,158.68521992462792
17,polygon,40,17.0,142.9246556806574,157.64261937923413
17,polygon,41,17.0,134.67156828383173,156.492994849778
17,polygon,42,17.0,126.37481370802465,156.55411066713856
17,polygon,43,17.0,118.06676181530833,156.5139771033718
17,polygon,44,17.0,109.76283996679932,156.49448837687632
17,polygon,45,17.0,101.52880148251342,157.42840752785563
17,polygon,46,17.0,93.23080902470117,157.38562666804964
17,polygon,47,17.0,84.95017121781225,157.34256994522698
17,polygon,48,17.0,76.92189817135642,159.36074461232604
18,polygon,0,18.0,74.9034475804457,187.880038184788
18,polygon,1,18.0,82.56767788712791,191.55398523076954
18,polygon,2,18.0,90.83106906575546,193.8917198023762
18,polygon,3,18.0,99.28118208115009,194.82822150925008
18,polygon,4,18.0,107.89650202047547,194.91117829111303
18,polygon,5,18.0,116.30397224187911,195.92652159881675
18,polygon,6,18.0,124.8523225403099,195.92731474847704
18,polygon,7,18.0,133.18475715064957,198.05618861479977
18,polygon,8,18.0,140.6570271396734,201.81515997900465
18,polygon,9,18.0,148.27519684135436,205.07876875698267
18,polygon,10,18.0,156.64142509622224,206.86416932149388
18,polygon,11,18.0,165.083527196848,208.1291788595843
18,polygon,12,18.0,173.28841947761853,209.99336492966816
18,polygon,13,18.0,181.54805260161862,211.98850306201388
18,polygon,14,18.0,189.84448815825309,213.96633433486795
18,polygon,15,18.0,196.27867346183598,219.3978250641722
18,polygon,16,18.0,202.29574645117847,225.42493240885776
18,polygon,17,18.0,209.45467770428064,229.98197253040726
18,polygon,18,18.0,217.66210907385653,228.1540684763891
18,polygon,19,18.0,225.35982739672716,224.41377532328957
18,polygon,20,18.0,232.8116101259499,220.1120816720452
18,polygon,21,18.0,240.02469537626007,215.950033415715
18,polygon,22,18.0,248.09502743570494,214.11253870308857
18,polygon,23,18.0,255.56042930287842,210.48866307398112
18,polygon,24,18.0,257.2597862195988,202.37949085248175
18,polygon,25,18.0,255.02448740425788,194.40194308806596
18,polygon,26,18.0,251.65705593579509,186.75065614611816
18,polygon,27,18.0,246.17619553425635,180.30583239576336
18,polygon,28,18.0,239.80066420810346,174.98455350123166
18,polygon,29,18.0,232.99715387652958,170.08504706576886
18,polygon,30,18.0,224.87805346543297,168.00313742294796
18,polygon,31,18.0,217.17446805357386,164.9315497331234
18,polygon,32,18.0,208.8576236475628,164.99019540636866
18,polygon,33,18.0,200.48341969043696,164.99007849035726
18,polygon,34,18.0,192.12221692190343,164.96679112469008
18,polygon,35,18.0,183.84104937625673,163.9776784561778
18,polygon,36,18.0,175.59038603657964,162.66447169913695
18,polygon,37,18.0,167.4508647370676,160.86437130236033
18,polygon,38,18.0,159.21353230354637,159.95457988405258
18,polygon,39,18.0,150.93271304427378,159.95136808801195
18,polygon,40,18.0,142.686076418287,158.94365730774783
18,polygon,41,18.0,134.42819784859378,157.82896916007093
18,polygon,42,18.0,126.13177620055849,157.92519531202137
18,polygon,43,18.0,117.82362886139666,157.92022079838299
18,polygon,44,18.0,109.5196988959639,157.93587345929524
18,polygon,45,18.0,101.28968637810544,158.9046297223254
18,polygon,46,18.0,92.99158718072795,158.89696536601684
18,polygon,47,18.0,84.71084131145282,158.88895170633637
18,polygon,48,18.0,76.69118082972209,160.94108300163305
19,polygon,0,19.0,74.237721952406,188.0584356044077
19,polygon,1,19.0,81.9100316052945,191.71548054270642
19,polygon,2,19.0,90.17855544976797,194.03499560661055
19,polygon,3,19.0,98.63071213724334,194.952869644965
19,polygon,4,19.0,107.24619399851063,195.01683668936028
19,polygon,5,19.0,115.65588177501417,196.0136461285285
19,polygon,6,19.0,124.20421305634831,195.99559735205412
19,polygon,7,19.0,132.54131980258944,198.10610003532156
19,polygon,8,19.0,140.02185701124802,201.84859219638923
19,polygon,9,19.0,147.64720172019125,205.09540138836465
19,polygon,10,19.0,156.01734495906223,206.8623571176032
19,polygon,11,19.0,164.46221483475827,208.10875584650637
19,polygon,12,19.0,172.6711961472331,209.95485250009233
19,polygon,13,19.0,180.93520680914452,211.931780240308
19,polygon,14,19.0,189.23598166721916,213.89132004465594
19,polygon,15,19.0,195.6821232109119,219.30861561182215
19,polygon,16,19.0,201.71246628738788,225.32244572942903
19,polygon,17,19.0,208.88142459179923,229.86369535763345
19,polygon,18,19.0,217.08480703281998,228.01770525924542
19,polygon,19,19.0,224.77426245545126,224.26045419593493
19,polygon,20,19.0,232.2165454658282,219.94234607939205
19,polygon,21,19.0,239.42043937779704,215.7644091457654
19,polygon,22,19.0,247.4867017023856,213.9091306007601
19,polygon,23,19.0,254.94409783640035,210.26880884107757
19,polygon,24,19.0,256.62557671926044,202.15591066503478
19,polygon,25,19.0,254.37269954922047,194.1833092336253
19,polygon,26,19.0,250.98841160695682,186.53946323264756
19,polygon,27,19.0,245.4933591023155,180.10673582621038
19,polygon,28,19.0,239.1061143179927,174.7995225433955
19,polygon,29,19.0,232.29182122148822,169.91502402892087
19,polygon,30,19.0,224.1681516728881,167.85101523255227
19,polygon,31,19.0,216.4578147062865,164.79641493209598
19,polygon,32,19.0,208.14111976763002,164.87339211126704
19,polygon,33,19.0,199.76693589509776,164.89173327350255
19,polygon,34,19.0,191.40570210821807,164.8868753856787
19,polygon,35,19.0,183.12237451716427,163.91601813078972
19,polygon,36,19.0,174.8688367030419,162.62100033852553
19,polygon,37,19.0,166.72536746804965,160.83884511452828
19,polygon,38,19.0,158.48604971929524,159.94721229759784
19,polygon,39,19.0,150.20524349616167,159.96225275258934
19,polygon,40,19.0,141.9564057476891,158.9727213194851
19,polygon,41,19.0,133.6960902876794,157.87623755786603
19,polygon,42,19.0,125.39990089074306,157.99075010944512
19,polygon,43,19.0,117.09176276879454,158.00408808655706
19,polygon,44,19.0,108.78788747590515,158.0380438923502
19,polygon,45,19.0,100.56003024302252,159.0249380592029
19,polygon,46,19.0,92.26193430960855,159.03556405247545
19,polygon,47,19.0,83.98119089222268,159.04580249372836
19,polygon,48,19.0,75.96607311543839,161.1156054117972
20,polygon,0,20.0,75.24831160334342,188.04280919515423
20,polygon,1,20.0,82.89618441966122,191.75068654964826
20,polygon,2,20.0,91.14913405948596,194.12501991731617
20,polygon,3,20.0,99.59501369581137,195.09896169618358
20,polygon,4,20.0,108.20988137991459,195.22009909746208
20,polygon,5,20.0,116.61276923027457,196.27269271826768
20,polygon,6,20.0,125.16103206450849,196.31137049771723
20,polygon,7,20.0,133.48395008831255,198.47715119837363
20,polygon,8,20.0,140.9394876607615,202.2692013050548
20,polygon,9,20.0,148.5431188643715,205.5665402895683
20,polygon,10,20.0,156.90135240817176,207.3890008284002
20,polygon,11,20.0,165.3377653251363,208.6914117095445
20,polygon,12,20.0,173.53431531709498,210.59194197035728
20,polygon,13,20.0,181.78502526045136,212.62366560826172
20,polygon,14,20.0,190.07261397568246,214.6382456579104
20,polygon,15,20.0,196.48266477439336,220.09819811386689
20,polygon,16,20.0,202.47296769730934,226.15191277472942
20,polygon,17,20.0,209.61163272437966,230.7406351445551
20,polygon,18,20.0,217.8270844105846,228.949122792204
20,polygon,19,20.0,225.54130339487054,225.2429811716148
20,polygon,20,20.0,233.0120772193046,220.9743546270633
20,polygon,21,20.0,240.24353702753515,216.8443142449109
20,polygon,22,20.0,248.32193325394016,215.04260373047214
20,polygon,23,20.0,255.80332212401112,211.45184890893188
20,polygon,24,20.0,257.53860063734965,203.3502875452509
20,polygon,25,20.0,255.3386787247571,195.36291171173116
20,polygon,26,20.0,252.00518935220188,187.6967761033639
20,polygon,27,20.0,246.55294498964798,181.22772552964818
20,polygon,28,20.0,240.20105915478894,175.87824376922856
20,polygon,29,20.0,233.41932930339692,170.94863360556323
20,polygon,30,20.0,225.30953524741815,168.83076212316607
20,polygon,31,20.0,217.61963817207766,165.7250637951309
20,polygon,32,20.0,209.30261553537517,165.7468502442721
20,polygon,33,20.0,200.92849433530438,165.70962047478227
20,polygon,34,20.0,192.56747688310563,165.64927810193902
20,polygon,35,20.0,184.29077421901965,164.62347461179286
20,polygon,36,20.0,176.04601178374466,163.27371540463508
20,polygon,37,20.0,167.91454811574124,161.4375598993397
20,polygon,38,20.0,159.68132859683632,160.49127114917445
20,polygon,39,20.0,151.4006048934445,160.45136039299413
20,polygon,40,20.0,143.15851523314683,159.40711200810594
20,polygon,41,20.0,134.90565784257612,158.25583748425328
20,polygon,42,20.0,126.60889121386391,158.31529455275953
20,polygon,43,20.0,118.30084751098235,158.27349998352
20,polygon,44,20.0,109.99692972475924,158.25235107684776
20,polygon,45,20.0,101.76270468911231,159.1846240001874
20,polygon,46,20.0,93.4647209502005,159.1401841461171
20,polygon,47,20.0,85.18409191701771,159.09547189870395
20,polygon,48,20.0,77.15541554282478,161.1120414546197
21,polygon,0,21.0,76.01433067348766,188.64898103731014
21,polygon,1,21.0,83.66875079023825,192.34332343709207
21,polygon,2,21.0,91.92588773291368,194.70305355051798
21,polygon,3,21.0,100.37347706540785,195.66205297150327
21,polygon,4,21.0,108.98854556296173,195.76795040796532
21,polygon,5,21.0,117.3932823125467,196.80567760066285
21,polygon,6,21.0,125.9416001926651,196.82923336887444
21,polygon,7,21.0,134.26833647837296,198.98028736693556
21,polygon,8,21.0,141.73057055452603,202.75914262990588
21,polygon,9,21.0,149.3400228818744,206.04302556587012
21,polygon,10,21.0,157.70146729599145,207.85069746583915
21,polygon,11,21.0,166.14017098861368,209.13818222185492
21,polygon,12,21.0,174.34007020988682,211.02420974124777
21,polygon,13,21.0,182.59436138002994,213.041334623033
21,polygon,14,21.0,190.88550093718808,215.04125070452136
21,polygon,15,21.0,197.3052004091217,220.48985518212973
21,polygon,16,21.0,203.3062030325029,226.53296347320065
21,polygon,17,21.0,210.45297437919507,231.10905030303198
21,polygon,18,21.0,218.66524400989672,229.30300754892866
21,polygon,19,21.0,226.37289472725936,225.58322520737687
21,polygon,20,21.0,233.8361056250037,221.3013894785698
21,polygon,21,21.0,241.06024804111564,217.15856304387623
21,polygon,22,21.0,249.13544438583094,215.3425645959334
21,polygon,23,21.0,256.6104694735304,211.73858075136638
21,polygon,24,21.0,258.33141353972104,203.6339623415098
21,polygon,25,21.0,256.117365332565,195.65049068666005
21,polygon,26,21.0,252.7703197158663,187.9902640449377
21,polygon,27,21.0,247.30664007813468,181.53086866065215
21,polygon,28,21.0,240.94530090265604,176.19263181140448
21,polygon,29,21.0,234.15486113969789,171.27502629971377
21,polygon,30,21.0,226.0413332401614,169.1715044268103
21,polygon,31,21.0,218.34595419003756,166.07941445253635
21,polygon,32,21.0,210.0289831073719,166.11591375240246
21,polygon,33,21.0,201.65480915047982,166.09349793383134
21,polygon,34,21.0,193.29369803456166,166.04794636742795
21,polygon,35,21.0,185.0151936657814,165.03678604078803
21,polygon,36,21.0,176.76805639537648,163.70161400148865
21,polygon,37,21.0,168.63335727571626,161.87984599861747
21,polygon,38,21.0,160.39847664634033,160.94812336548293
21,polygon,39,21.0,152.11769529729986,160.92286134343868
21,polygon,40,21.0,143.8737712489711,159.893194920215
21,polygon,41,21.0,135.61889015705415,158.7565215736981
21,polygon,42,21.0,127.32224169033498,158.8306556009332
21,polygon,43,21.0,119.01413705207074,158.8035580980922
21,polygon,44,21.0,110.71019484636439,158.7970989267321
21,polygon,45,21.0,102.4776318936308,159.74393680649044
21,polygon,46,21.0,94.17958252406383,159.71417622679465
21,polygon,47,21.0,85.89888735120485,159.68411255355804
21,polygon,48,21.0,77.8737908684036,161.71488175194096
22,polygon,0,22.0,75.94329868402019,188.17997053281675
22,polygon,1,22.0,83.5899733066172,191.89031826674596
22,polygon,2,22.0,91.84215550990862,194.2673175477691
22,polygon,3,22.0,100.28772008287795,195.24398763726956
22,polygon,4,22.0,108.90254818518756,195.36790798366724
22,polygon,5,22.0,117.30509556670181,196.42321602291258
22,polygon,6,22.0,125.8533454604175,196.46465523571771
22,polygon,7,22.0,134.175563415002,198.63312446323513
22,polygon,8,22.0,141.62987561255508,202.42758281288002
22,polygon,9,22.0,149.23244124528617,205.72737790641554
22,polygon,10,22.0,157.59008562435184,207.55253839836644
22,polygon,11,22.0,166.0260773696207,208.85767451487095
22,polygon,12,22.0,174.2220129855966,210.76085249438864
22,polygon,13,22.0,182.4720661693659,212.79524134001215
22,polygon,14,22.0,190.75900366115957,214.81249851161252
22,polygon,15,22.0,197.1672903394633,220.274521388902
22,polygon,16,22.0,203.15563735461504,226.33017084453937
22,polygon,17,22.0,210.29281966589144,230.92119905308473
22,polygon,18,22.0,218.50884965453724,229.1323407180938
22,polygon,19,22.0,226.22426547027462,225.42869129628681
22,polygon,20,22.0,233.69641784429155,221.16247833721272
22,polygon,21,22.0,240.9292114456442,217.0347742251795
22,polygon,22,22.0,249.00818927606102,215.23567345416438
22,polygon,23,22.0,256.49073771511894,211.6473356118218
22,polygon,24,22.0,258.2286332706079,203.54633523615493
22,polygon,25,22.0,256.03129171894045,195.55824915545222
22,polygon,26,22.0,252.7002789928441,187.89103709490513
22,polygon,27,22.0,247.25012468031406,181.4202255628094
22,polygon,28,22.0,240.899967276315,176.06869216493357
22,polygon,29,22.0,234.11983024266718,171.13689148486432
22,polygon,30,22.0,226.0107207681683,169.0164003207863
22,polygon,31,22.0,218.3218273605083,165.90821800635672
22,polygon,32,22.0,210.00479811986193,165.9273177189439
22,polygon,33,22.0,201.63068938345717,165.88738277082908
22,polygon,34,22.0,193.26969186054845,165.82433945360847
22,polygon,35,22.0,184.99332100442606,164.79586230655443
22,polygon,36,22.0,176.7489950262753,163.44343977738052
22,polygon,37,22.0,168.61812493520338,161.604657575542
22,polygon,38,22.0,160.3852115355093,160.65570921113832
22,polygon,39,22.0,152.10450115697765,160.6131234476499
22,polygon,40,22.0,143.86274926128618,159.5662125882194
22,polygon,41,22.0,135.6102642096644,158.41227211699547
22,polygon,42,22.0,127.31347880681447,158.46904899049372
22,polygon,43,22.0,119.00544903876651,158.42457058857724
22,polygon,44,22.0,110.70153851777593,158.40073918098912
22,polygon,45,22.0,102.46701274982992,159.3303520672488
22,polygon,46,22.0,94.16904379976104,159.28323163041568
22,polygon,47,22.0,85.88842964250975,159.23584440652732
22,polygon,48,22.0,77.85910225353167,161.24982026933608
23,polygon,0,23.0,76.18994204075277,187.9572054280131
23,polygon,1,23.0,83.84978850120194,191.64028366406606
23,polygon,2,23.0,92.11038783106375,193.98786442088596
23,polygon,3,23.0,100.55937877569185,194.93443583261973
23,polygon,4,23.0,109.17459373381529,195.02765980979706
23,polygon,5,23.0,117.5808479557443,196.05302194708725
23,polygon,6,23.0,126.12919123853032,196.0640025397534
23,polygon,7,23.0,134.4590828595277,198.20280502168944
23,polygon,8,23.0,141.92686781142962,201.970678748067
23,polygon,9,23.0,149.54114271767804,205.2433641150677
23,polygon,10,23.0,157.9052372913878,207.03873381246862
23,polygon,11,23.0,166.34582582976077,208.31380327517854
23,polygon,12,23.0,174.54849065180352,210.18776615105565
23,polygon,13,23.0,182.805740216893,212.19274623326322
23,polygon,14,23.0,191.0998128138252,214.18046332734056
23,polygon,15,23.0,197.5275206028545,219.61961810011647
23,polygon,16,23.0,203.5374065514306,225.65389197429099
23,polygon,17,23.0,210.6909018964182,230.21946047178358
23,polygon,18,23.0,218.9005058310211,228.4013388713546
23,polygon,19,23.0,226.60267615875424,224.67022208251396
23,polygon,20,23.0,234.05958011305464,220.3774121019723
23,polygon,21,23.0,241.2776203364127,216.22396295093543
23,polygon,22,23.0,249.35013648785053,214.39608731145435
23,polygon,23,23.0,256.81985178499696,210.78111110223614
23,polygon,24,23.0,258.52887155077207,202.67396983736768
23,polygon,25,23.0,256.30308151595824,194.69376383449256
23,polygon,26,23.0,252.94477081266436,187.03846921031533
23,polygon,27,23.0,247.4715948820546,180.58711825513652
23,polygon,28,23.0,241.1024096845314,175.25824513938343
23,polygon,29,23.0,234.3047431407885,170.35063414185595
23,polygon,30,23.0,226.18812959821705,168.25905008978293
23,polygon,31,23.0,218.48821020250293,165.17828388093236
23,polygon,32,23.0,210.1713018118887,165.22701796467732
23,polygon,33,23.0,201.79710394084435,165.21692114300447
23,polygon,34,23.0,193.43593486239988,165.18366938221578
23,polygon,35,23.0,185.1559519663349,164.1846883859222
23,polygon,36,23.0,176.90685949170216,162.86164988444668
23,polygon,37,23.0,168.76948923079166,161.0518505418302
23,polygon,38,23.0,160.53324688511466,160.13224297963657
23,polygon,39,23.0,152.2524373339127,160.11916257076803
23,polygon,40,23.0,144.00700749717092,159.10162462793946
23,polygon,41,23.0,135.75046321432154,157.9770959961487
23,polygon,42,23.0,127.45393278087742,158.06343487060738
23,polygon,43,23.0,119.1457972699004,158.04855917732272
23,polygon,44,23.0,110.84185454734998,158.05431566996984
23,polygon,45,23.0,102.61069336456328,159.01326317857107
23,polygon,46,23.0,94.31260919383853,158.99570961933713
23,polygon,47,23.0,86.0318787551732,158.97782743770074
23,polygon,48,23.0,78.00977835364702,161.02039989497203
24,polygon,0,24.0,76.20860030873278,188.07809529967955
24,polygon,1,24.0,83.88133199135589,191.73425470772153
24,polygon,2,24.0,92.15012348948756,194.0528154377284
24,polygon,3,24.0,100.60238605785165,194.9697139573862
24,polygon,4,24.0,109.21787524454514,195.03268663846356
24,polygon,5,24.0,117.62767801261417,196.02852545999352
24,polygon,6,24.0,126.17600715389865,196.0094900709866
24,polygon,7,24.0,134.51335743000615,198.11903050619713
24,polygon,8,24.0,141.99432653163782,201.8606592700126
24,polygon,9,24.0,149.620045922934,205.10658835496108
24,polygon,10,24.0,157.9903930406984,206.87257802549706
24,polygon,11,24.0,166.43540671427772,208.11800207452876
24,polygon,12,24.0,174.644601040834,209.96315126952072
24,polygon,13,24.0,182.90883981643725,211.93912519901357
24,polygon,14,24.0,191.20984078111604,213.89770694958472
24,polygon,15,24.0,197.65660752347745,219.31425849396626
24,polygon,16,24.0,203.687644650915,225.32739257453582
24,polygon,17,24.0,210.85712703962164,229.8678147613023
24,polygon,18,24.0,219.0602963695461,228.02087787510936
24,polygon,19,24.0,226.74931809475524,224.2627393520313
24,polygon,20,24.0,234.1911026775804,219.9437723070627
24,polygon,21,24.0,241.39451434155703,215.7650039579496
24,polygon,22,24.0,249.46056248392892,213.9087944510318
24,polygon,23,24.0,256.91753841755843,210.26761201411563
24,polygon,24,24.0,258.5980809324349,202.15451982284628
24,polygon,25,24.0,256.3442836130791,194.1821784622004
24,polygon,26,24.0,252.9591134726125,186.53872311249708
24,polygon,27,24.0,247.46331856607088,180.1066299648877
24,polygon,28,24.0,241.0754612879241,174.8001539065066
24,polygon,29,24.0,234.26060448841088,169.9164419017808
24,polygon,30,24.0,226.13669677465276,167.8533707191305
24,polygon,31,24.0,218.42600731021093,164.79966033387203
24,polygon,32,24.0,210.10932131133112,164.87759739068497
24,polygon,33,24.0,201.7351396114346,164.8969050660853
24,polygon,34,24.0,193.3739053195671,164.89301219693604
24,polygon,35,24.0,185.0904657313987,163.92311097554824
24,polygon,36,24.0,176.8367785067096,162.6290457807328
24,polygon,37,24.0,168.6931036370521,160.8478304537736
24,polygon,38,24.0,160.4536830346434,159.9571485903847
24,polygon,39,24.0,152.1728786025698,159.97314478130517
24,polygon,40,24.0,143.92392670145742,158.98456540115308
24,polygon,41,24.0,135.6634847448938,157.88903501790796
24,polygon,42,24.0,127.36730861977335,158.00450508021507
24,polygon,43,24.0,119.05917209257393,158.0188019478008
24,polygon,44,24.0,110.75530077402887,158.0537161519325
24,polygon,45,24.0,102.52755749914525,159.0415599370901
24,polygon,46,24.0,94.22946284740767,159.0531436618271
24,polygon,47,24.0,85.948720666853,159.0643378317922
24,polygon,48,24.0,77.93384183145082,161.13506580745482
25,polygon,0,25.0,77.14380504141066,187.33447382416057
25,polygon,1,25.0,84.82059374486714,190.98210706957127
25,polygon,2,25.0,93.09195591077336,193.29148027863033
25,polygon,3,25.0,101.5452318780343,194.1989883178497
25,polygon,4,25.0,110.16078570676613,194.2523897112672
25,polygon,5,25.0,118.57168959748067,195.23888517372544
25,polygon,6,25.0,127.1199923166088,195.2103531581124
25,polygon,7,25.0,135.45968101021504,197.31063003701058
25,polygon,8,25.0,142.9448022019165,201.04394562122266
25,polygon,9,25.0,150.57412290381754,204.28140102428986
25,polygon,10,25.0,158.94642675613716,206.03809069316722
25,polygon,11,25.0,167.39281880360775,207.27413211208238
25,polygon,12,25.0,175.60405790525408,209.11016028684938
25,polygon,13,25.0,183.87048675976132,211.07695196457976
25,polygon,14,25.0,192.17365845907767,213.02631063371706
25,polygon,15,25.0,198.6264386601048,218.43569689655607
25,polygon,16,25.0,204.6641522671921,224.44212717603406
25,polygon,17,25.0,211.83867434578445,228.9745817317739
25,polygon,18,25.0,220.0397867867289,227.11853279707978
25,polygon,19,25.0,227.72462871937105,223.35185458946947
25,polygon,20,25.0,235.16161061814162,219.02462287045344
25,polygon,21,25.0,242.3603754968042,214.8378545776054
25,polygon,22,25.0,250.4243565335328,212.97268536064007
25,polygon,23,25.0,257.8772827484021,209.3232209548195
25,polygon,24,25.0,259.5488111078597,201.2082667964849
25,polygon,25,25.0,257.2861584259502,193.23843417788817
25,polygon,26,25.0,253.89249899207994,185.59874424898933
25,polygon,27,25.0,248.38956183929002,179.17276054166976
25,polygon,28,25.0,241.9958133528393,173.87338425231707
25,polygon,29,25.0,235.17553527191828,168.997246124466
25,polygon,30,25.0,227.04934063326928,166.94320134863148
25,polygon,31,25.0,219.33526345314493,163.89805892286967
25,polygon,32,25.0,211.0186691694037,163.9852352294581
25,polygon,33,25.0,202.64451408669163,164.01384606480227
25,polygon,34,25.0,194.28328062972108,164.01924198618434
25,polygon,35,25.0,185.9987686559187,163.0585437265785
25,polygon,36,25.0,177.74364890211987,161.7736486406399
25,polygon,37,25.0,169.5980002433151,160.00148150659254
25,polygon,38,25.0,161.35759523566924,159.11995365386665
25,polygon,39,25.0,153.07681368431392,159.1451492706959
25,polygon,40,25.0,144.8267686260646,158.16573455027194
25,polygon,41,25.0,136.5651147038378,157.07938165745838
25,polygon,42,25.0,128.26907197793037,157.20406816124247
25,polygon,43,25.0,119.9609564604777,157.22759481996772
25,polygon,44,25.0,111.65712905356897,157.27173406414647
25,polygon,45,25.0,103.43048828620347,158.26871772799822
25,polygon,46,25.0,95.1324116238905,158.2895200896777
25,polygon,47,25.0,86.8516869892824,158.30991361935742
25,polygon,48,25.0,78.83911354403061,160.38954432691477
26,polygon,0,26.0,77.30342684832836,186.92548983635822
26,polygon,1,26.0,84.98400858036052,190.5651295641494
26,polygon,2,26.0,93.25777032325827,192.86589102941826
26,polygon,3,26.0,101.71198642654433,193.76459871207044
26,polygon,4,26.0,110.32759117789341,193.8090312803696
26,polygon,5,26.0,118.73951745354219,194.78677045281648
26,polygon,6,26.0,127.287785839004,194.74933966492137
26,polygon,7,26.0,135.62965640318714,196.84093378537415
26,polygon,8,26.0,143.1186599226786,200.56645533152368
26,polygon,9,26.0,150.7513466835203,203.7959668534379
26,polygon,10,26.0,159.1254747142736,205.54393999764176
26,polygon,11,26.0,167.57314890492478,206.77118804814103
26,polygon,12,26.0,175.78629486370374,208.59866732373797
26,polygon,13,26.0,184.0547666703167,210.5568525788828
26,polygon,14,26.0,192.3599631540586,212.49756658555918
26,polygon,15,26.0,198.81837103272116,217.9002325696996
26,polygon,16,26.0,204.86233406548746,223.90037433152423
26,polygon,17,26.0,212.04157054426562,228.42535775003932
26,polygon,18,26.0,220.24074639356715,226.56077245855397
26,polygon,19,26.0,227.92166304819924,222.78609636728777
26,polygon,20,26.0,235.35413626675276,218.45112509077575
26,polygon,21,26.0,242.54853881677653,214.2568651483693
26,polygon,22,26.0,250.6105738419469,212.38330233342026
26,polygon,23,26.0,258.0596969240985,208.7260814048198
26,polygon,24,26.0,259.7227767061968,200.60939158157788
26,polygon,25,26.0,257.4518286502305,192.64191870402732
26,polygon,26,26.0,254.05021813384764,185.00576571592865
26,polygon,27,26.0,248.5405945102701,178.5855140510164
26,polygon,28,26.0,242.14133283463983,173.29279652870758
26,polygon,29,26.0,235.31598238680508,168.42376095611047
26,polygon,30,26.0,227.1876538895435,166.37817666624449
26,polygon,31,26.0,219.47041089431616,163.34106624897214
26,polygon,32,26.0,211.15391186743062,163.43690008746057
26,polygon,33,26.0,202.7797911060759,163.47422840726063
26,polygon,34,26.0,194.41856779672327,163.48832837425812
26,polygon,35,26.0,186.13306022440435,162.53625481663192
26,polygon,36,26.0,177.87660736709202,161.25995401101926
26,polygon,37,26.0,169.72911829499284,159.496267461853
26,polygon,38,26.0,161.48780008136777,158.6233183528334
26,polygon,39,26.0,153.20704924553183,158.65713425407256
26,polygon,40,26.0,144.95598908624459,157.6863083656919
26,polygon,41,26.0,136.6932087465749,156.60855644769885
26,polygon,42,26.0,128.397300314523,156.74187906887556
26,polygon,43,26.0,120.08921379001409,156.77405446758848
26,polygon,44,26.0,111.78543683143823,156.82683797666078
26,polygon,45,26.0,103.55983838213758,157.83238503778233
26,polygon,46,26.0,95.26178787133423,157.86182569047202
26,polygon,47,26.0,86.98108895323938,157.89083944791327
26,polygon,48,26.0,78.97068474621847,159.97881012191982
27,polygon,0,27.0,77.62259710725499,186.1180232924417
27,polygon,1,27.0,85.3016802126659,189.7608238292176
27,polygon,2,27.0,93.57449432435442,192.06499035352786
27,polygon,3,27.0,102.02833982811461,192.96717748404606
27,polygon,4,27.0,110.64392556252713,193.0151559957158
27,polygon,5,27.0,119.05544871503349,193.99635720399937
27,polygon,6,27.0,127.60373178197892,193.9624446526029
27,polygon,7,27.0,135.94474079673913,196.05747188153964
27,polygon,8,27.0,143.43221035922915,199.78607538105064
27,polygon,9,27.0,151.06356729505174,203.0187280344264
27,polygon,10,27.0,159.43697519864003,204.77014759250798
27,polygon,11,27.0,167.88414357209518,206.00087237057502
27,polygon,12,27.0,176.09653669479582,207.8317317975006
27,polygon,13,27.0,184.36420186564044,209.79331996350865
27,polygon,14,27.0,192.6685989011913,211.73745199740006
27,polygon,15,27.0,199.12478264338722,217.14277562789286
27,polygon,16,27.0,205.1662756701096,223.14540441130953
27,polygon,17,27.0,212.3436491814944,227.67334222383826
27,polygon,18,27.0,220.54359174863654,225.81213164666994
27,polygon,19,27.0,228.22606130610382,222.0406171301965
27,polygon,20,27.0,235.6603180506994,217.70870522341278
27,polygon,21,27.0,242.8564462339946,213.51740665544503
27,polygon,22,27.0,250.91925168352384,211.64716211216333
27,polygon,23,27.0,258.36987934681207,207.99300734851664
27,polygon,24,27.0,260.0362995954572,199.87700269085113
27,polygon,25,27.0,257.7686309256231,191.90859582804262
27,polygon,26,27.0,254.37016352893573,184.27104347689846
27,polygon,27,27.0,248.86318277188468,177.84852474545346
27,polygon,28,27.0,242.46609997593367,172.55317391043857
27,polygon,29,27.0,235.64275406797057,167.6813296227733
27,polygon,30,27.0,227.5152681656586,165.6324001085973
27,polygon,31,27.0,219.7992758155827,162.59211374253576
27,polygon,32,27.0,211.48273805048626,162.68452472950423
27,polygon,33,27.0,203.10860263507135,162.7184064872105
27,polygon,34,27.0,194.74737423072054,162.72906520231984
27,polygon,35,27.0,186.4622592075722,161.7735816371618
27,polygon,36,27.0,178.20633234003185,160.49388280960363
27,polygon,37,27.0,170.0595698431097,158.7268431262835
27,polygon,38,27.0,161.8186116094549,157.85050219016125
27,polygon,39,27.0,153.53784755726608,157.88090995811024
27,polygon,40,27.0,145.287187662178,156.90668824139848
27,polygon,41,27.0,137.02485159552774,155.82553568042505
27,polygon,42,27.0,128.72888899416398,155.95544392143196
27,polygon,43,27.0,120.42078993080337,155.98419993637228
27,polygon,44,27.0,112.11699195127656,156.03356583362594
27,polygon,45,27.0,103.89098034299964,157.0357273783685
27,polygon,46,27.0,95.5929184180412,157.0617527780658
27,polygon,47,27.0,87.31220826002003,157.0873584239915
27,polygon,48,27.0,79.3009453798602,159.17203205800303
