index,shape-type,vertex-index,axis-0,axis-1,axis-2
0,polygon,0,8.0,80.97232637644754,135.98716975476242
0,polygon,1,8.0,85.62627352901565,135.98716975476242
0,polygon,2,8.0,92.6071942578678,136.1661677221689
0,polygon,3,8.0,100.66210279115876,136.34516568957534
0,polygon,4,8.0,106.74803368297859,136.88215959179473
0,polygon,5,8.0,114.08695034664368,137.24015552660768
0,polygon,6,8.0,118.91989546661826,137.77714942882704
0,polygon,7,8.0,123.39484465177989,138.6721392658594
0,polygon,8,8.0,127.69079586953507,139.38813113548525
0,polygon,9,8.0,131.09175725025793,140.28312097251757
0,polygon,10,8.0,134.8507145657937,141.35710877695638
0,polygon,11,8.0,137.5356840768907,143.68408235324043
0,polygon,12,8.0,140.04165562058122,145.83205796211803
0,polygon,13,8.0,143.26361903389758,147.62203763618268
0,polygon,14,8.0,145.41159464277516,150.30700714727965
0,polygon,15,8.0,147.91756618646568,151.38099495171844
0,polygon,16,8.0,151.497525534595,149.94901121246673
0,polygon,17,8.0,154.18249504569198,147.0850437339633
0,polygon,18,8.0,156.6884665893825,144.57907219027277
0,polygon,19,8.0,159.01544016566655,142.25209861398872
0,polygon,20,8.0,159.9104300026989,139.92512503770467
0,polygon,21,8.0,159.9104300026989,136.88215959179473
0,polygon,22,8.0,160.44742390491828,133.4811982110719
0,polygon,23,8.0,160.80541983973123,131.3332226021943
0,polygon,24,8.0,159.9104300026989,125.24729171037447
0,polygon,25,8.0,158.29944829604068,122.20432626446456
0,polygon,26,8.0,156.33047065456955,119.87735268818051
0,polygon,27,8.0,152.03451943681438,117.55037911189645
0,polygon,28,8.0,147.7385682190592,115.58140147042532
0,polygon,29,8.0,143.97961090352342,114.32841569858006
0,polygon,30,8.0,139.3256637509553,116.11839537264473
0,polygon,31,8.0,137.3566861094842,118.08737301411584
0,polygon,32,8.0,133.7767267613549,118.80336488374171
0,polygon,33,8.0,129.4807755435997,118.80336488374171
0,polygon,34,8.0,125.00582635843809,118.26637098152231
0,polygon,35,8.0,120.70987514068291,118.08737301411584
0,polygon,36,8.0,116.77191985774067,117.7293770793029
0,polygon,37,8.0,112.65496660739196,117.55037911189645
0,polygon,38,8.0,112.4759686399855,117.55037911189645
0,polygon,39,8.0,105.67404587853979,117.7293770793029
0,polygon,40,8.0,102.09408653041048,117.7293770793029
0,polygon,41,8.0,95.47116173637126,117.90837504670938
0,polygon,42,8.0,91.71220442083548,117.90837504670938
0,polygon,43,8.0,88.84823694233204,117.90837504670938
0,polygon,44,8.0,86.70026133345443,118.26637098152231
0,polygon,45,8.0,85.08927962679626,118.62436691633525
0,polygon,46,8.0,81.6883182460734,120.77234252521284
0,polygon,47,8.0,78.82435076756995,122.0253282970581
0,polygon,48,8.0,76.4973771912859,124.35230187334214
0,polygon,49,8.0,76.31837922387943,125.96328358000034
0,polygon,50,8.0,75.9603832890665,127.75326325406499
0,polygon,51,8.0,75.9603832890665,130.2592347977555
0,polygon,52,8.0,77.21336906091176,132.04921447182016
0,polygon,53,8.0,78.28735686535056,134.0181921132913
0,polygon,54,8.0,79.00334873497643,134.73418398291716
1,polygon,0,7.0,80.97232637644754,135.80817178735597
1,polygon,1,7.0,85.62627352901565,135.80817178735597
1,polygon,2,7.0,92.6071942578678,135.98716975476245
1,polygon,3,7.0,100.66210279115876,136.1661677221689
1,polygon,4,7.0,106.74803368297859,136.7031616243883
1,polygon,5,7.0,114.08695034664368,137.06115755920123
1,polygon,6,7.0,118.91989546661826,137.5981514614206
1,polygon,7,7.0,123.39484465177989,138.49314129845297
1,polygon,8,7.0,127.69079586953507,139.2091331680788
1,polygon,9,7.0,131.09175725025793,140.10412300511112
1,polygon,10,7.0,134.8507145657937,141.17811080954993
1,polygon,11,7.0,137.5356840768907,143.50508438583398
1,polygon,12,7.0,140.04165562058122,145.65305999471158
1,polygon,13,7.0,143.26361903389758,147.44303966877624
1,polygon,14,7.0,145.41159464277516,150.1280091798732
1,polygon,15,7.0,147.91756618646568,151.201996984312
1,polygon,16,7.0,151.497525534595,149.77001324506028
1,polygon,17,7.0,154.18249504569198,146.90604576655684
1,polygon,18,7.0,156.6884665893825,144.40007422286632
1,polygon,19,7.0,159.01544016566655,142.07310064658228
1,polygon,20,7.0,159.9104300026989,139.74612707029823
1,polygon,21,7.0,159.9104300026989,136.7031616243883
1,polygon,22,7.0,160.44742390491828,133.30220024366545
1,polygon,23,7.0,160.80541983973123,131.15422463478785
1,polygon,24,7.0,159.9104300026989,125.06829374296802
1,polygon,25,7.0,158.29944829604068,122.02532829705811
1,polygon,26,7.0,156.33047065456955,119.69835472077406
1,polygon,27,7.0,152.03451943681438,117.37138114449
1,polygon,28,7.0,147.7385682190592,115.40240350301887
1,polygon,29,7.0,143.97961090352342,114.14941773117361
1,polygon,30,7.0,139.3256637509553,115.93939740523828
1,polygon,31,7.0,137.3566861094842,117.9083750467094
1,polygon,32,7.0,133.7767267613549,118.62436691633526
1,polygon,33,7.0,129.4807755435997,118.62436691633526
1,polygon,34,7.0,125.00582635843809,118.08737301411587
1,polygon,35,7.0,120.70987514068291,117.9083750467094
1,polygon,36,7.0,116.77191985774067,117.55037911189646
1,polygon,37,7.0,112.65496660739196,117.37138114449
1,polygon,38,7.0,112.4759686399855,117.37138114449
1,polygon,39,7.0,105.67404587853979,117.55037911189646
1,polygon,40,7.0,102.09408653041048,117.55037911189646
1,polygon,41,7.0,95.47116173637126,117.72937707930294
1,polygon,42,7.0,91.71220442083548,117.72937707930294
1,polygon,43,7.0,88.84823694233204,117.72937707930294
1,polygon,44,7.0,86.70026133345443,118.08737301411587
1,polygon,45,7.0,85.08927962679626,118.4453689489288
1,polygon,46,7.0,81.6883182460734,120.59334455780639
1,polygon,47,7.0,78.82435076756995,121.84633032965165
1,polygon,48,7.0,76.4973771912859,124.1733039059357
1,polygon,49,7.0,76.31837922387943,125.78428561259389
1,polygon,50,7.0,75.9603832890665,127.57426528665854
1,polygon,51,7.0,75.9603832890665,130.08023683034907
1,polygon,52,7.0,77.21336906091176,131.87021650441372
1,polygon,53,7.0,78.28735686535056,133.83919414588485
1,polygon,54,7.0,79.00334873497643,134.5551860155107
2,polygon,0,6.0,80.79332840904107,135.09217991773008
2,polygon,1,6.0,85.44727556160917,135.09217991773008
2,polygon,2,6.0,92.42819629046133,135.27117788513655
2,polygon,3,6.0,100.48310482375229,135.450175852543
2,polygon,4,6.0,106.56903571557211,135.9871697547624
2,polygon,5,6.0,113.9079523792372,136.34516568957534
2,polygon,6,6.0,118.74089749921178,136.8821595917947
2,polygon,7,6.0,123.21584668437342,137.77714942882707
2,polygon,8,6.0,127.51179790212859,138.4931412984529
2,polygon,9,6.0,130.91275928285145,139.38813113548522
2,polygon,10,6.0,134.67171659838723,140.46211893992404
2,polygon,11,6.0,137.35668610948423,142.7890925162081
2,polygon,12,6.0,139.86265765317475,144.9370681250857
2,polygon,13,6.0,143.0846210664911,146.72704779915034
2,polygon,14,6.0,145.23259667536868,149.4120173102473
2,polygon,15,6.0,147.7385682190592,150.4860051146861
2,polygon,16,6.0,151.31852756718854,149.0540213754344
2,polygon,17,6.0,154.0034970782855,146.19005389693095
2,polygon,18,6.0,156.50946862197603,143.68408235324043
2,polygon,19,6.0,158.83644219826007,141.35710877695638
2,polygon,20,6.0,159.7314320352924,139.03013520067233
2,polygon,21,6.0,159.7314320352924,135.9871697547624
2,polygon,22,6.0,160.2684259375118,132.58620837403956
2,polygon,23,6.0,160.62642187232476,130.43823276516196
2,polygon,24,6.0,159.7314320352924,124.35230187334213
2,polygon,25,6.0,158.1204503286342,121.30933642743221
2,polygon,26,6.0,156.15147268716308,118.98236285114817
2,polygon,27,6.0,151.8555214694079,116.6553892748641
2,polygon,28,6.0,147.55957025165273,114.68641163339298
2,polygon,29,6.0,143.80061293611695,113.43342586154772
2,polygon,30,6.0,139.14666578354883,115.22340553561239
2,polygon,31,6.0,137.17768814207773,117.1923831770835
2,polygon,32,6.0,133.59772879394842,117.90837504670937
2,polygon,33,6.0,129.30177757619322,117.90837504670937
2,polygon,34,6.0,124.82682839103161,117.37138114448997
2,polygon,35,6.0,120.53087717327644,117.1923831770835
2,polygon,36,6.0,116.5929218903342,116.83438724227057
2,polygon,37,6.0,112.47596863998548,116.6553892748641
2,polygon,38,6.0,112.29697067257902,116.6553892748641
2,polygon,39,6.0,105.49504791113331,116.83438724227057
2,polygon,40,6.0,101.915088563004,116.83438724227057
2,polygon,41,6.0,95.29216376896478,117.01338520967704
2,polygon,42,6.0,91.533206453429,117.01338520967704
2,polygon,43,6.0,88.66923897492556,117.01338520967704
2,polygon,44,6.0,86.52126336604796,117.37138114448997
2,polygon,45,6.0,84.91028165938978,117.7293770793029
2,polygon,46,6.0,81.50932027866692,119.8773526881805
2,polygon,47,6.0,78.64535280016348,121.13033846002575
2,polygon,48,6.0,76.31837922387943,123.4573120363098
2,polygon,49,6.0,76.13938125647296,125.068293742968
2,polygon,50,6.0,75.78138532166003,126.85827341703265
2,polygon,51,6.0,75.78138532166003,129.36424496072317
2,polygon,52,6.0,77.03437109350529,131.15422463478782
2,polygon,53,6.0,78.10835889794409,133.12320227625895
2,polygon,54,6.0,78.82435076756995,133.83919414588482
3,polygon,0,5.0,81.151324343854,134.73418398291716
3,polygon,1,5.0,85.80527149642211,134.73418398291716
3,polygon,2,5.0,92.78619222527426,134.91318195032363
3,polygon,3,5.0,100.84110075856522,135.09217991773008
3,polygon,4,5.0,106.92703165038505,135.62917381994947
3,polygon,5,5.0,114.26594831405014,135.98716975476242
3,polygon,6,5.0,119.09889343402472,136.52416365698178
3,polygon,7,5.0,123.57384261918635,137.41915349401415
3,polygon,8,5.0,127.86979383694153,138.13514536364
3,polygon,9,5.0,131.27075521766437,139.0301352006723
3,polygon,10,5.0,135.02971253320015,140.10412300511112
3,polygon,11,5.0,137.71468204429715,142.43109658139517
3,polygon,12,5.0,140.22065358798767,144.57907219027277
3,polygon,13,5.0,143.44261700130403,146.36905186433742
3,polygon,14,5.0,145.5905926101816,149.0540213754344
3,polygon,15,5.0,148.09656415387212,150.12800917987317
3,polygon,16,5.0,151.6765235020015,148.69602544062147
3,polygon,17,5.0,154.36149301309842,145.83205796211803
3,polygon,18,5.0,156.86746455678895,143.3260864184275
3,polygon,19,5.0,159.194438133073,140.99911284214346
3,polygon,20,5.0,160.08942797010536,138.6721392658594
3,polygon,21,5.0,160.08942797010536,135.62917381994947
3,polygon,22,5.0,160.62642187232473,132.22821243922664
3,polygon,23,5.0,160.98441780713767,130.08023683034904
3,polygon,24,5.0,160.08942797010536,123.99430593852921
3,polygon,25,5.0,158.47844626344715,120.9513404926193
3,polygon,26,5.0,156.509468621976,118.62436691633525
3,polygon,27,5.0,152.21351740422085,116.29739334005119
3,polygon,28,5.0,147.91756618646565,114.32841569858006
3,polygon,29,5.0,144.15860887092987,113.0754299267348
3,polygon,30,5.0,139.50466171836177,114.86540960079947
3,polygon,31,5.0,137.53568407689067,116.83438724227058
3,polygon,32,5.0,133.95572472876137,117.55037911189645
3,polygon,33,5.0,129.65977351100616,117.55037911189645
3,polygon,34,5.0,125.18482432584455,117.01338520967705
3,polygon,35,5.0,120.88887310808937,116.83438724227058
3,polygon,36,5.0,116.95091782514713,116.47639130745765
3,polygon,37,5.0,112.83396457479842,116.29739334005119
3,polygon,38,5.0,112.65496660739196,116.29739334005119
3,polygon,39,5.0,105.85304384594625,116.47639130745765
3,polygon,40,5.0,102.27308449781694,116.47639130745765
3,polygon,41,5.0,95.65015970377772,116.65538927486412
3,polygon,42,5.0,91.89120238824194,116.65538927486412
3,polygon,43,5.0,89.0272349097385,116.65538927486412
3,polygon,44,5.0,86.8792593008609,117.01338520967705
3,polygon,45,5.0,85.26827759420271,117.37138114448999
3,polygon,46,5.0,81.86731621347985,119.51935675336757
3,polygon,47,5.0,79.00334873497641,120.77234252521284
3,polygon,48,5.0,76.67637515869237,123.09931610149688
3,polygon,49,5.0,76.49737719128589,124.71029780815508
3,polygon,50,5.0,76.13938125647296,126.50027748221973
3,polygon,51,5.0,76.13938125647296,129.00624902591025
3,polygon,52,5.0,77.39236702831822,130.7962286999749
3,polygon,53,5.0,78.46635483275702,132.76520634144603
3,polygon,54,5.0,79.18234670238289,133.4811982110719
4,polygon,0,4.0,81.33032231126046,134.19719008069777
4,polygon,1,4.0,85.98426946382857,134.19719008069777
4,polygon,2,4.0,92.96519019268072,134.37618804810424
4,polygon,3,4.0,101.02009872597168,134.55518601551069
4,polygon,4,4.0,107.1060296177915,135.09217991773008
4,polygon,5,4.0,114.4449462814566,135.45017585254303
4,polygon,6,4.0,119.27789140143118,135.9871697547624
4,polygon,7,4.0,123.75284058659281,136.88215959179476
4,polygon,8,4.0,128.04879180434799,137.5981514614206
4,polygon,9,4.0,131.44975318507085,138.4931412984529
4,polygon,10,4.0,135.20871050060663,139.56712910289173
4,polygon,11,4.0,137.89368001170362,141.89410267917577
4,polygon,12,4.0,140.39965155539414,144.04207828805337
4,polygon,13,4.0,143.6216149687105,145.83205796211803
4,polygon,14,4.0,145.76959057758808,148.517027473215
4,polygon,15,4.0,148.2755621212786,149.59101527765378
4,polygon,16,4.0,151.85552146940796,148.15903153840208
4,polygon,17,4.0,154.5404909805049,145.29506405989864
4,polygon,18,4.0,157.04646252419542,142.78909251620811
4,polygon,19,4.0,159.37343610047947,140.46211893992407
4,polygon,20,4.0,160.26842593751184,138.13514536364002
4,polygon,21,4.0,160.26842593751184,135.09217991773008
4,polygon,22,4.0,160.8054198397312,131.69121853700725
4,polygon,23,4.0,161.16341577454415,129.54324292812964
4,polygon,24,4.0,160.26842593751184,123.45731203630982
4,polygon,25,4.0,158.65744423085363,120.4143465903999
4,polygon,26,4.0,156.68846658938247,118.08737301411585
4,polygon,27,4.0,152.39251537162733,115.7603994378318
4,polygon,28,4.0,148.09656415387212,113.79142179636067
4,polygon,29,4.0,144.33760683833634,112.5384360245154
4,polygon,30,4.0,139.68365968576825,114.32841569858007
4,polygon,31,4.0,137.71468204429715,116.29739334005119
4,polygon,32,4.0,134.13472269616784,117.01338520967705
4,polygon,33,4.0,129.83877147841264,117.01338520967705
4,polygon,34,4.0,125.363822293251,116.47639130745766
4,polygon,35,4.0,121.06787107549583,116.29739334005119
4,polygon,36,4.0,117.12991579255359,115.93939740523825
4,polygon,37,4.0,113.01296254220487,115.7603994378318
4,polygon,38,4.0,112.83396457479842,115.7603994378318
4,polygon,39,4.0,106.0320418133527,115.93939740523825
4,polygon,40,4.0,102.4520824652234,115.93939740523825
4,polygon,41,4.0,95.82915767118418,116.11839537264473
4,polygon,42,4.0,92.0702003556484,116.11839537264473
4,polygon,43,4.0,89.20623287714496,116.11839537264473
4,polygon,44,4.0,87.05825726826735,116.47639130745766
4,polygon,45,4.0,85.44727556160917,116.8343872422706
4,polygon,46,4.0,82.04631418088631,118.98236285114818
4,polygon,47,4.0,79.18234670238287,120.23534862299344
4,polygon,48,4.0,76.85537312609883,122.56232219927749
4,polygon,49,4.0,76.67637515869235,124.17330390593568
4,polygon,50,4.0,76.31837922387942,125.96328358000034
4,polygon,51,4.0,76.31837922387942,128.46925512369086
4,polygon,52,4.0,77.57136499572468,130.2592347977555
4,polygon,53,4.0,78.64535280016348,132.22821243922664
4,polygon,54,4.0,79.36134466978935,132.9442043088525
5,polygon,0,3.0,80.97232637644754,134.1971900806978
5,polygon,1,3.0,85.62627352901565,134.1971900806978
5,polygon,2,3.0,92.6071942578678,134.37618804810427
5,polygon,3,3.0,100.66210279115876,134.5551860155107
5,polygon,4,3.0,106.74803368297859,135.0921799177301
5,polygon,5,3.0,114.08695034664368,135.45017585254305
5,polygon,6,3.0,118.91989546661826,135.98716975476242
5,polygon,7,3.0,123.39484465177989,136.8821595917948
5,polygon,8,3.0,127.69079586953507,137.59815146142063
5,polygon,9,3.0,131.09175725025793,138.49314129845294
5,polygon,10,3.0,134.8507145657937,139.56712910289176
5,polygon,11,3.0,137.5356840768907,141.8941026791758
5,polygon,12,3.0,140.04165562058122,144.0420782880534
5,polygon,13,3.0,143.26361903389758,145.83205796211806
5,polygon,14,3.0,145.41159464277516,148.51702747321502
5,polygon,15,3.0,147.91756618646568,149.5910152776538
5,polygon,16,3.0,151.497525534595,148.1590315384021
5,polygon,17,3.0,154.18249504569198,145.29506405989866
5,polygon,18,3.0,156.6884665893825,142.78909251620814
5,polygon,19,3.0,159.01544016566655,140.4621189399241
5,polygon,20,3.0,159.9104300026989,138.13514536364005
5,polygon,21,3.0,159.9104300026989,135.0921799177301
5,polygon,22,3.0,160.44742390491828,131.69121853700727
5,polygon,23,3.0,160.80541983973123,129.54324292812967
5,polygon,24,3.0,159.9104300026989,123.45731203630984
5,polygon,25,3.0,158.29944829604068,120.41434659039993
5,polygon,26,3.0,156.33047065456955,118.08737301411588
5,polygon,27,3.0,152.03451943681438,115.76039943783182
5,polygon,28,3.0,147.7385682190592,113.7914217963607
5,polygon,29,3.0,143.97961090352342,112.53843602451543
5,polygon,30,3.0,139.3256637509553,114.3284156985801
5,polygon,31,3.0,137.3566861094842,116.29739334005122
5,polygon,32,3.0,133.7767267613549,117.01338520967708
5,polygon,33,3.0,129.4807755435997,117.01338520967708
5,polygon,34,3.0,125.00582635843809,116.47639130745769
5,polygon,35,3.0,120.70987514068291,116.29739334005122
5,polygon,36,3.0,116.77191985774067,115.93939740523828
5,polygon,37,3.0,112.65496660739196,115.76039943783182
5,polygon,38,3.0,112.4759686399855,115.76039943783182
5,polygon,39,3.0,105.67404587853979,115.93939740523828
5,polygon,40,3.0,102.09408653041048,115.93939740523828
5,polygon,41,3.0,95.47116173637126,116.11839537264476
5,polygon,42,3.0,91.71220442083548,116.11839537264476
5,polygon,43,3.0,88.84823694233204,116.11839537264476
5,polygon,44,3.0,86.70026133345443,116.47639130745769
5,polygon,45,3.0,85.08927962679626,116.83438724227062
5,polygon,46,3.0,81.6883182460734,118.98236285114821
5,polygon,47,3.0,78.82435076756995,120.23534862299347
5,polygon,48,3.0,76.4973771912859,122.56232219927752
5,polygon,49,3.0,76.31837922387943,124.17330390593571
5,polygon,50,3.0,75.9603832890665,125.96328358000036
5,polygon,51,3.0,75.9603832890665,128.46925512369089
5,polygon,52,3.0,77.21336906091176,130.25923479775554
5,polygon,53,3.0,78.28735686535056,132.22821243922667
5,polygon,54,3.0,79.00334873497643,132.94420430885253
6,polygon,0,2.0,81.50932027866693,133.30220024366545
6,polygon,1,2.0,86.16326743123504,133.30220024366545
6,polygon,2,2.0,93.1441881600872,133.48119821107193
6,polygon,3,2.0,101.19909669337815,133.66019617847837
6,polygon,4,2.0,107.28502758519798,134.19719008069777
6,polygon,5,2.0,114.62394424886307,134.5551860155107
6,polygon,6,2.0,119.45688936883765,135.09217991773008
6,polygon,7,2.0,123.93183855399928,135.98716975476245
6,polygon,8,2.0,128.22778977175446,136.7031616243883
6,polygon,9,2.0,131.62875115247732,137.5981514614206
6,polygon,10,2.0,135.3877084680131,138.6721392658594
6,polygon,11,2.0,138.0726779791101,140.99911284214346
6,polygon,12,2.0,140.57864952280062,143.14708845102106
6,polygon,13,2.0,143.80061293611698,144.93706812508572
6,polygon,14,2.0,145.94858854499455,147.62203763618268
6,polygon,15,2.0,148.45456008868507,148.69602544062147
6,polygon,16,2.0,152.0345194368144,147.26404170136976
6,polygon,17,2.0,154.71948894791137,144.40007422286632
6,polygon,18,2.0,157.2254604916019,141.8941026791758
6,polygon,19,2.0,159.55243406788594,139.56712910289176
6,polygon,20,2.0,160.44742390491828,137.2401555266077
6,polygon,21,2.0,160.44742390491828,134.19719008069777
6,polygon,22,2.0,160.98441780713767,130.79622869997493
6,polygon,23,2.0,161.34241374195062,128.64825309109733
6,polygon,24,2.0,160.44742390491828,122.5623221992775
6,polygon,25,2.0,158.83644219826007,119.51935675336759
6,polygon,26,2.0,156.86746455678895,117.19238317708354
6,polygon,27,2.0,152.57151333903377,114.86540960079948
6,polygon,28,2.0,148.2755621212786,112.89643195932835
6,polygon,29,2.0,144.51660480574282,111.6434461874831
6,polygon,30,2.0,139.8626576531747,113.43342586154776
6,polygon,31,2.0,137.8936800117036,115.40240350301887
6,polygon,32,2.0,134.3137206635743,116.11839537264474
6,polygon,33,2.0,130.01776944581908,116.11839537264474
6,polygon,34,2.0,125.54282026065748,115.58140147042535
6,polygon,35,2.0,121.2468690429023,115.40240350301887
6,polygon,36,2.0,117.30891375996006,115.04440756820594
6,polygon,37,2.0,113.19196050961135,114.86540960079948
6,polygon,38,2.0,113.01296254220489,114.86540960079948
6,polygon,39,2.0,106.21103978075918,115.04440756820594
6,polygon,40,2.0,102.63108043262987,115.04440756820594
6,polygon,41,2.0,96.00815563859065,115.22340553561241
6,polygon,42,2.0,92.24919832305487,115.22340553561241
6,polygon,43,2.0,89.38523084455143,115.22340553561241
6,polygon,44,2.0,87.23725523567383,115.58140147042535
6,polygon,45,2.0,85.62627352901565,115.93939740523828
6,polygon,46,2.0,82.22531214829279,118.08737301411587
6,polygon,47,2.0,79.36134466978935,119.34035878596113
6,polygon,48,2.0,77.0343710935053,121.66733236224518
6,polygon,49,2.0,76.85537312609883,123.27831406890337
6,polygon,50,2.0,76.49737719128589,125.06829374296802
6,polygon,51,2.0,76.49737719128589,127.57426528665854
6,polygon,52,2.0,77.75036296313115,129.3642449607232
6,polygon,53,2.0,78.82435076756995,131.33322260219433
6,polygon,54,2.0,79.54034263719582,132.0492144718202
7,polygon,0,1.0,81.50932027866696,133.12320227625895
7,polygon,1,1.0,86.16326743123507,133.12320227625895
7,polygon,2,1.0,93.14418816008723,133.30220024366542
7,polygon,3,1.0,101.19909669337818,133.4811982110719
7,polygon,4,1.0,107.28502758519801,134.01819211329126
7,polygon,5,1.0,114.6239442488631,134.3761880481042
7,polygon,6,1.0,119.45688936883768,134.91318195032358
7,polygon,7,1.0,123.93183855399931,135.80817178735595
7,polygon,8,1.0,128.2277897717545,136.52416365698178
7,polygon,9,1.0,131.62875115247735,137.4191534940141
7,polygon,10,1.0,135.38770846801313,138.49314129845294
7,polygon,11,1.0,138.07267797911013,140.820114874737
7,polygon,12,1.0,140.57864952280065,142.96809048361456
7,polygon,13,1.0,143.800612936117,144.75807015767924
7,polygon,14,1.0,145.94858854499458,147.44303966877618
7,polygon,15,1.0,148.4545600886851,148.51702747321497
7,polygon,16,1.0,152.03451943681443,147.0850437339633
7,polygon,17,1.0,154.7194889479114,144.22107625545982
7,polygon,18,1.0,157.22546049160192,141.7151047117693
7,polygon,19,1.0,159.55243406788597,139.38813113548525
7,polygon,20,1.0,160.4474239049183,137.0611575592012
7,polygon,21,1.0,160.4474239049183,134.01819211329126
7,polygon,22,1.0,160.9844178071377,130.61723073256843
7,polygon,23,1.0,161.34241374195065,128.46925512369086
7,polygon,24,1.0,160.4474239049183,122.38332423187106
7,polygon,25,1.0,158.8364421982601,119.34035878596114
7,polygon,26,1.0,156.86746455678897,117.0133852096771
7,polygon,27,1.0,152.5715133390338,114.68641163339304
7,polygon,28,1.0,148.27556212127863,112.71743399192191
7,polygon,29,1.0,144.51660480574284,111.46444822007665
7,polygon,30,1.0,139.86265765317472,113.25442789414132
7,polygon,31,1.0,137.89368001170362,115.22340553561243
7,polygon,32,1.0,134.31372066357432,115.9393974052383
7,polygon,33,1.0,130.0177694458191,115.9393974052383
7,polygon,34,1.0,125.5428202606575,115.4024035030189
7,polygon,35,1.0,121.24686904290233,115.22340553561243
7,polygon,36,1.0,117.30891375996009,114.8654096007995
7,polygon,37,1.0,113.19196050961138,114.68641163339304
7,polygon,38,1.0,113.01296254220492,114.68641163339304
7,polygon,39,1.0,106.21103978075921,114.8654096007995
7,polygon,40,1.0,102.6310804326299,114.8654096007995
7,polygon,41,1.0,96.00815563859068,115.04440756820597
7,polygon,42,1.0,92.2491983230549,115.04440756820597
7,polygon,43,1.0,89.38523084455146,115.04440756820597
7,polygon,44,1.0,87.23725523567386,115.4024035030189
7,polygon,45,1.0,85.62627352901568,115.76039943783184
7,polygon,46,1.0,82.22531214829282,117.90837504670942
7,polygon,47,1.0,79.36134466978937,119.16136081855468
7,polygon,48,1.0,77.03437109350533,121.48833439483873
7,polygon,49,1.0,76.85537312609885,123.09931610149692
7,polygon,50,1.0,76.49737719128592,124.88929577556158
7,polygon,51,1.0,76.49737719128592,127.3952673192521
7,polygon,52,1.0,77.75036296313118,129.1852469933167
7,polygon,53,1.0,78.82435076756998,131.15422463478785
7,polygon,54,1.0,79.54034263719585,131.8702165044137
8,polygon,0,0.0,81.68831824607341,132.40721040663306
8,polygon,1,0.0,86.34226539864152,132.40721040663306
8,polygon,2,0.0,93.32318612749367,132.58620837403953
8,polygon,3,0.0,101.37809466078463,132.765206341446
8,polygon,4,0.0,107.46402555260445,133.30220024366537
8,polygon,5,0.0,114.80294221626954,133.66019617847832
8,polygon,6,0.0,119.63588733624412,134.19719008069768
8,polygon,7,0.0,124.11083652140576,135.09217991773005
8,polygon,8,0.0,128.40678773916096,135.8081717873559
8,polygon,9,0.0,131.8077491198838,136.7031616243882
8,polygon,10,0.0,135.56670643541958,137.77714942882704
8,polygon,11,0.0,138.25167594651657,140.1041230051111
8,polygon,12,0.0,140.7576474902071,142.25209861398866
8,polygon,13,0.0,143.97961090352345,144.04207828805335
8,polygon,14,0.0,146.12758651240102,146.72704779915028
8,polygon,15,0.0,148.63355805609154,147.80103560358907
8,polygon,16,0.0,152.2135174042209,146.3690518643374
8,polygon,17,0.0,154.89848691531785,143.50508438583392
8,polygon,18,0.0,157.40445845900837,140.9991128421434
8,polygon,19,0.0,159.7314320352924,138.67213926585936
8,polygon,20,0.0,160.62642187232478,136.3451656895753
8,polygon,21,0.0,160.62642187232478,133.30220024366537
8,polygon,22,0.0,161.16341577454415,129.90123886294253
8,polygon,23,0.0,161.5214117093571,127.75326325406508
8,polygon,24,0.0,160.62642187232478,121.6673323622452
8,polygon,25,0.0,159.01544016566658,118.62436691633529
8,polygon,26,0.0,157.04646252419542,116.29739334005124
8,polygon,27,0.0,152.75051130644027,113.97041976376718
8,polygon,28,0.0,148.45456008868507,112.00144212229606
8,polygon,29,0.0,144.6956027731493,110.7484563504508
8,polygon,30,0.0,140.0416556205812,112.53843602451546
8,polygon,31,0.0,138.0726779791101,114.50741366598658
8,polygon,32,0.0,134.4927186309808,115.22340553561244
8,polygon,33,0.0,130.1967674132256,115.22340553561244
8,polygon,34,0.0,125.72181822806395,114.68641163339305
8,polygon,35,0.0,121.42586701030878,114.50741366598658
8,polygon,36,0.0,117.48791172736654,114.14941773117364
8,polygon,37,0.0,113.37095847701782,113.97041976376718
8,polygon,38,0.0,113.19196050961136,113.97041976376718
8,polygon,39,0.0,106.39003774816565,114.14941773117364
8,polygon,40,0.0,102.81007840003635,114.14941773117364
8,polygon,41,0.0,96.18715360599712,114.32841569858012
8,polygon,42,0.0,92.42819629046134,114.32841569858012
8,polygon,43,0.0,89.5642288119579,114.32841569858012
8,polygon,44,0.0,87.4162532030803,114.68641163339305
8,polygon,45,0.0,85.80527149642212,115.04440756820598
8,polygon,46,0.0,82.40431011569926,117.19238317708357
8,polygon,47,0.0,79.54034263719582,118.44536894892883
8,polygon,48,0.0,77.21336906091177,120.77234252521288
8,polygon,49,0.0,77.0343710935053,122.38332423187107
8,polygon,50,0.0,76.67637515869237,124.17330390593573
8,polygon,51,0.0,76.67637515869237,126.67927544962626
8,polygon,52,0.0,77.92936093053763,128.4692551236908
8,polygon,53,0.0,79.00334873497643,130.43823276516196
8,polygon,54,0.0,79.7193406046023,131.1542246347878
9,polygon,0,9.0,80.97232637644754,136.16616772216886
9,polygon,1,9.0,85.62627352901565,136.16616772216886
9,polygon,2,9.0,92.6071942578678,136.34516568957534
9,polygon,3,9.0,100.66210279115876,136.52416365698178
9,polygon,4,9.0,106.74803368297859,137.06115755920118
9,polygon,5,9.0,114.08695034664368,137.41915349401413
9,polygon,6,9.0,118.91989546661826,137.9561473962335
9,polygon,7,9.0,123.39484465177989,138.85113723326586
9,polygon,8,9.0,127.69079586953507,139.5671291028917
9,polygon,9,9.0,131.09175725025793,140.462118939924
9,polygon,10,9.0,134.8507145657937,141.53610674436283
9,polygon,11,9.0,137.5356840768907,143.86308032064687
9,polygon,12,9.0,140.04165562058122,146.01105592952447
9,polygon,13,9.0,143.26361903389758,147.80103560358913
9,polygon,14,9.0,145.41159464277516,150.4860051146861
9,polygon,15,9.0,147.91756618646568,151.55999291912488
9,polygon,16,9.0,151.497525534595,150.12800917987317
9,polygon,17,9.0,154.18249504569198,147.26404170136973
9,polygon,18,9.0,156.6884665893825,144.7580701576792
9,polygon,19,9.0,159.01544016566655,142.43109658139517
9,polygon,20,9.0,159.9104300026989,140.10412300511112
9,polygon,21,9.0,159.9104300026989,137.06115755920118
9,polygon,22,9.0,160.44742390491828,133.66019617847834
9,polygon,23,9.0,160.80541983973123,131.51222056960074
9,polygon,24,9.0,159.9104300026989,125.42628967778091
9,polygon,25,9.0,158.29944829604068,122.383324231871
9,polygon,26,9.0,156.33047065456955,120.05635065558695
9,polygon,27,9.0,152.03451943681438,117.72937707930289
9,polygon,28,9.0,147.7385682190592,115.76039943783177
9,polygon,29,9.0,143.97961090352342,114.5074136659865
9,polygon,30,9.0,139.3256637509553,116.29739334005117
9,polygon,31,9.0,137.3566861094842,118.26637098152229
9,polygon,32,9.0,133.7767267613549,118.98236285114815
9,polygon,33,9.0,129.4807755435997,118.98236285114815
9,polygon,34,9.0,125.00582635843809,118.44536894892876
9,polygon,35,9.0,120.70987514068291,118.26637098152229
9,polygon,36,9.0,116.77191985774067,117.90837504670935
9,polygon,37,9.0,112.65496660739196,117.72937707930289
9,polygon,38,9.0,112.4759686399855,117.72937707930289
9,polygon,39,9.0,105.67404587853979,117.90837504670935
9,polygon,40,9.0,102.09408653041048,117.90837504670935
9,polygon,41,9.0,95.47116173637126,118.08737301411583
9,polygon,42,9.0,91.71220442083548,118.08737301411583
9,polygon,43,9.0,88.84823694233204,118.08737301411583
9,polygon,44,9.0,86.70026133345443,118.44536894892876
9,polygon,45,9.0,85.08927962679626,118.8033648837417
9,polygon,46,9.0,81.6883182460734,120.95134049261928
9,polygon,47,9.0,78.82435076756995,122.20432626446454
9,polygon,48,9.0,76.4973771912859,124.53129984074859
9,polygon,49,9.0,76.31837922387943,126.14228154740678
9,polygon,50,9.0,75.9603832890665,127.93226122147144
9,polygon,51,9.0,75.9603832890665,130.43823276516196
9,polygon,52,9.0,77.21336906091176,132.2282124392266
9,polygon,53,9.0,78.28735686535056,134.19719008069774
9,polygon,54,9.0,79.00334873497643,134.9131819503236
10,polygon,0,10.0,80.79332840904107,136.70316162438831
10,polygon,1,10.0,85.44727556160917,136.70316162438831
10,polygon,2,10.0,92.42819629046133,136.8821595917948
10,polygon,3,10.0,100.48310482375229,137.06115755920123
10,polygon,4,10.0,106.56903571557211,137.59815146142063
10,polygon,5,10.0,113.9079523792372,137.95614739623358
10,polygon,6,10.0,118.74089749921178,138.49314129845294
10,polygon,7,10.0,123.21584668437342,139.3881311354853
10,polygon,8,10.0,127.51179790212859,140.10412300511115
10,polygon,9,10.0,130.91275928285145,140.99911284214346
10,polygon,10,10.0,134.67171659838723,142.07310064658228
10,polygon,11,10.0,137.35668610948423,144.40007422286632
10,polygon,12,10.0,139.86265765317475,146.54804983174392
10,polygon,13,10.0,143.0846210664911,148.33802950580858
10,polygon,14,10.0,145.23259667536868,151.02299901690554
10,polygon,15,10.0,147.7385682190592,152.09698682134433
10,polygon,16,10.0,151.31852756718854,150.66500308209262
10,polygon,17,10.0,154.0034970782855,147.80103560358918
10,polygon,18,10.0,156.50946862197603,145.29506405989866
10,polygon,19,10.0,158.83644219826007,142.96809048361462
10,polygon,20,10.0,159.7314320352924,140.64111690733057
10,polygon,21,10.0,159.7314320352924,137.59815146142063
10,polygon,22,10.0,160.2684259375118,134.1971900806978
10,polygon,23,10.0,160.62642187232476,132.0492144718202
10,polygon,24,10.0,159.7314320352924,125.96328358000036
10,polygon,25,10.0,158.1204503286342,122.92031813409045
10,polygon,26,10.0,156.15147268716308,120.5933445578064
10,polygon,27,10.0,151.8555214694079,118.26637098152234
10,polygon,28,10.0,147.55957025165273,116.29739334005122
10,polygon,29,10.0,143.80061293611695,115.04440756820595
10,polygon,30,10.0,139.14666578354883,116.83438724227062
10,polygon,31,10.0,137.17768814207773,118.80336488374174
10,polygon,32,10.0,133.59772879394842,119.5193567533676
10,polygon,33,10.0,129.30177757619322,119.5193567533676
10,polygon,34,10.0,124.82682839103161,118.98236285114821
10,polygon,35,10.0,120.53087717327644,118.80336488374174
10,polygon,36,10.0,116.5929218903342,118.4453689489288
10,polygon,37,10.0,112.47596863998548,118.26637098152234
10,polygon,38,10.0,112.29697067257902,118.26637098152234
10,polygon,39,10.0,105.49504791113331,118.4453689489288
10,polygon,40,10.0,101.915088563004,118.4453689489288
10,polygon,41,10.0,95.29216376896478,118.62436691633528
10,polygon,42,10.0,91.533206453429,118.62436691633528
10,polygon,43,10.0,88.66923897492556,118.62436691633528
10,polygon,44,10.0,86.52126336604796,118.98236285114821
10,polygon,45,10.0,84.91028165938978,119.34035878596114
10,polygon,46,10.0,81.50932027866692,121.48833439483873
10,polygon,47,10.0,78.64535280016348,122.74132016668399
10,polygon,48,10.0,76.31837922387943,125.06829374296804
10,polygon,49,10.0,76.13938125647296,126.67927544962623
10,polygon,50,10.0,75.78138532166003,128.46925512369089
10,polygon,51,10.0,75.78138532166003,130.9752266673814
10,polygon,52,10.0,77.03437109350529,132.76520634144606
10,polygon,53,10.0,78.10835889794409,134.7341839829172
10,polygon,54,10.0,78.82435076756995,135.45017585254305
11,polygon,0,11.0,80.97232637644754,136.88215959179476
11,polygon,1,11.0,85.62627352901565,136.88215959179476
11,polygon,2,11.0,92.6071942578678,137.06115755920123
11,polygon,3,11.0,100.66210279115876,137.24015552660768
11,polygon,4,11.0,106.74803368297859,137.77714942882707
11,polygon,5,11.0,114.08695034664368,138.13514536364002
11,polygon,6,11.0,118.91989546661826,138.67213926585939
11,polygon,7,11.0,123.39484465177989,139.56712910289176
11,polygon,8,11.0,127.69079586953507,140.2831209725176
11,polygon,9,11.0,131.09175725025793,141.1781108095499
11,polygon,10,11.0,134.8507145657937,142.25209861398872
11,polygon,11,11.0,137.5356840768907,144.57907219027277
11,polygon,12,11.0,140.04165562058122,146.72704779915037
11,polygon,13,11.0,143.26361903389758,148.51702747321502
11,polygon,14,11.0,145.41159464277516,151.201996984312
11,polygon,15,11.0,147.91756618646568,152.27598478875078
11,polygon,16,11.0,151.497525534595,150.84400104949907
11,polygon,17,11.0,154.18249504569198,147.98003357099563
11,polygon,18,11.0,156.6884665893825,145.4740620273051
11,polygon,19,11.0,159.01544016566655,143.14708845102106
11,polygon,20,11.0,159.9104300026989,140.82011487473702
11,polygon,21,11.0,159.9104300026989,137.77714942882707
11,polygon,22,11.0,160.44742390491828,134.37618804810424
11,polygon,23,11.0,160.80541983973123,132.22821243922664
11,polygon,24,11.0,159.9104300026989,126.14228154740681
11,polygon,25,11.0,158.29944829604068,123.0993161014969
11,polygon,26,11.0,156.33047065456955,120.77234252521285
11,polygon,27,11.0,152.03451943681438,118.44536894892879
11,polygon,28,11.0,147.7385682190592,116.47639130745766
11,polygon,29,11.0,143.97961090352342,115.2234055356124
11,polygon,30,11.0,139.3256637509553,117.01338520967707
11,polygon,31,11.0,137.3566861094842,118.98236285114818
11,polygon,32,11.0,133.7767267613549,119.69835472077405
11,polygon,33,11.0,129.4807755435997,119.69835472077405
11,polygon,34,11.0,125.00582635843809,119.16136081855466
11,polygon,35,11.0,120.70987514068291,118.98236285114818
11,polygon,36,11.0,116.77191985774067,118.62436691633525
11,polygon,37,11.0,112.65496660739196,118.44536894892879
11,polygon,38,11.0,112.4759686399855,118.44536894892879
11,polygon,39,11.0,105.67404587853979,118.62436691633525
11,polygon,40,11.0,102.09408653041048,118.62436691633525
11,polygon,41,11.0,95.47116173637126,118.80336488374172
11,polygon,42,11.0,91.71220442083548,118.80336488374172
11,polygon,43,11.0,88.84823694233204,118.80336488374172
11,polygon,44,11.0,86.70026133345443,119.16136081855466
11,polygon,45,11.0,85.08927962679626,119.51935675336759
11,polygon,46,11.0,81.6883182460734,121.66733236224518
11,polygon,47,11.0,78.82435076756995,122.92031813409044
11,polygon,48,11.0,76.4973771912859,125.24729171037448
11,polygon,49,11.0,76.31837922387943,126.85827341703268
11,polygon,50,11.0,75.9603832890665,128.64825309109733
11,polygon,51,11.0,75.9603832890665,131.15422463478785
11,polygon,52,11.0,77.21336906091176,132.9442043088525
11,polygon,53,11.0,78.28735686535056,134.91318195032363
11,polygon,54,11.0,79.00334873497643,135.6291738199495
12,polygon,0,12.0,80.43533247422813,137.2401555266077
12,polygon,1,12.0,85.08927962679624,137.2401555266077
12,polygon,2,12.0,92.0702003556484,137.41915349401418
12,polygon,3,12.0,100.12510888893935,137.5981514614206
12,polygon,4,12.0,106.21103978075918,138.13514536364002
12,polygon,5,12.0,113.54995644442427,138.49314129845297
12,polygon,6,12.0,118.38290156439885,139.03013520067233
12,polygon,7,12.0,122.85785074956048,139.9251250377047
12,polygon,8,12.0,127.15380196731566,140.64111690733054
12,polygon,9,12.0,130.55476334803853,141.53610674436285
12,polygon,10,12.0,134.31372066357432,142.61009454880164
12,polygon,11,12.0,136.9986901746713,144.9370681250857
12,polygon,12,12.0,139.50466171836183,147.08504373396332
12,polygon,13,12.0,142.7266251316782,148.87502340802794
12,polygon,14,12.0,144.87460074055576,151.55999291912494
12,polygon,15,12.0,147.38057228424628,152.63398072356372
12,polygon,16,12.0,150.9605316323756,151.201996984312
12,polygon,17,12.0,153.6455011434726,148.33802950580858
12,polygon,18,12.0,156.1514726871631,145.83205796211806
12,polygon,19,12.0,158.47844626344715,143.505084385834
12,polygon,20,12.0,159.37343610047947,141.17811080954996
12,polygon,21,12.0,159.37343610047947,138.13514536364002
12,polygon,22,12.0,159.9104300026989,134.7341839829172
12,polygon,23,12.0,160.26842593751184,132.58620837403956
12,polygon,24,12.0,159.37343610047947,126.50027748221974
12,polygon,25,12.0,157.76245439382126,123.45731203630983
12,polygon,26,12.0,155.79347675235016,121.13033846002578
12,polygon,27,12.0,151.49752553459496,118.80336488374172
12,polygon,28,12.0,147.2015743168398,116.8343872422706
12,polygon,29,12.0,143.44261700130403,115.58140147042533
12,polygon,30,12.0,138.78866984873588,117.37138114449
12,polygon,31,12.0,136.81969220726478,119.34035878596112
12,polygon,32,12.0,133.23973285913547,120.05635065558698
12,polygon,33,12.0,128.94378164138027,120.05635065558698
12,polygon,34,12.0,124.46883245621868,119.51935675336759
12,polygon,35,12.0,120.1728812384635,119.34035878596112
12,polygon,36,12.0,116.23492595552126,118.98236285114818
12,polygon,37,12.0,112.11797270517255,118.80336488374172
12,polygon,38,12.0,111.93897473776609,118.80336488374172
12,polygon,39,12.0,105.13705197632038,118.98236285114818
12,polygon,40,12.0,101.55709262819107,118.98236285114818
12,polygon,41,12.0,94.93416783415185,119.16136081855466
12,polygon,42,12.0,91.17521051861607,119.16136081855466
12,polygon,43,12.0,88.31124304011263,119.16136081855466
12,polygon,44,12.0,86.16326743123503,119.51935675336759
12,polygon,45,12.0,84.55228572457685,119.87735268818052
12,polygon,46,12.0,81.15132434385399,122.02532829705811
12,polygon,47,12.0,78.28735686535055,123.27831406890337
12,polygon,48,12.0,75.9603832890665,125.60528764518742
12,polygon,49,12.0,75.78138532166003,127.21626935184561
12,polygon,50,12.0,75.42338938684709,129.00624902591025
12,polygon,51,12.0,75.42338938684709,131.51222056960077
12,polygon,52,12.0,76.67637515869235,133.30220024366545
12,polygon,53,12.0,77.75036296313115,135.27117788513655
12,polygon,54,12.0,78.46635483275702,135.98716975476245
13,polygon,0,13.0,80.79332840904107,137.24015552660768
13,polygon,1,13.0,85.44727556160917,137.24015552660768
13,polygon,2,13.0,92.42819629046133,137.41915349401415
13,polygon,3,13.0,100.48310482375229,137.5981514614206
13,polygon,4,13.0,106.56903571557211,138.13514536364
13,polygon,5,13.0,113.9079523792372,138.49314129845294
13,polygon,6,13.0,118.74089749921178,139.0301352006723
13,polygon,7,13.0,123.21584668437342,139.92512503770467
13,polygon,8,13.0,127.51179790212859,140.6411169073305
13,polygon,9,13.0,130.91275928285145,141.53610674436283
13,polygon,10,13.0,134.67171659838723,142.61009454880164
13,polygon,11,13.0,137.35668610948423,144.9370681250857
13,polygon,12,13.0,139.86265765317475,147.0850437339633
13,polygon,13,13.0,143.0846210664911,148.87502340802794
13,polygon,14,13.0,145.23259667536868,151.5599929191249
13,polygon,15,13.0,147.7385682190592,152.6339807235637
13,polygon,16,13.0,151.31852756718854,151.201996984312
13,polygon,17,13.0,154.0034970782855,148.33802950580855
13,polygon,18,13.0,156.50946862197603,145.83205796211803
13,polygon,19,13.0,158.83644219826007,143.50508438583398
13,polygon,20,13.0,159.7314320352924,141.17811080954993
13,polygon,21,13.0,159.7314320352924,138.13514536364
13,polygon,22,13.0,160.2684259375118,134.73418398291716
13,polygon,23,13.0,160.62642187232476,132.58620837403956
13,polygon,24,13.0,159.7314320352924,126.50027748221973
13,polygon,25,13.0,158.1204503286342,123.45731203630982
13,polygon,26,13.0,156.15147268716308,121.13033846002577
13,polygon,27,13.0,151.8555214694079,118.80336488374171
13,polygon,28,13.0,147.55957025165273,116.83438724227058
13,polygon,29,13.0,143.80061293611695,115.58140147042532
13,polygon,30,13.0,139.14666578354883,117.37138114448999
13,polygon,31,13.0,137.17768814207773,119.3403587859611
13,polygon,32,13.0,133.59772879394842,120.05635065558697
13,polygon,33,13.0,129.30177757619322,120.05635065558697
13,polygon,34,13.0,124.82682839103161,119.51935675336757
13,polygon,35,13.0,120.53087717327644,119.3403587859611
13,polygon,36,13.0,116.5929218903342,118.98236285114817
13,polygon,37,13.0,112.47596863998548,118.80336488374171
13,polygon,38,13.0,112.29697067257902,118.80336488374171
13,polygon,39,13.0,105.49504791113331,118.98236285114817
13,polygon,40,13.0,101.915088563004,118.98236285114817
13,polygon,41,13.0,95.29216376896478,119.16136081855464
13,polygon,42,13.0,91.533206453429,119.16136081855464
13,polygon,43,13.0,88.66923897492556,119.16136081855464
13,polygon,44,13.0,86.52126336604796,119.51935675336757
13,polygon,45,13.0,84.91028165938978,119.87735268818051
13,polygon,46,13.0,81.50932027866692,122.0253282970581
13,polygon,47,13.0,78.64535280016348,123.27831406890336
13,polygon,48,13.0,76.31837922387943,125.6052876451874
13,polygon,49,13.0,76.13938125647296,127.2162693518456
13,polygon,50,13.0,75.78138532166003,129.00624902591025
13,polygon,51,13.0,75.78138532166003,131.51222056960077
13,polygon,52,13.0,77.03437109350529,133.30220024366542
13,polygon,53,13.0,78.10835889794409,135.27117788513655
13,polygon,54,13.0,78.82435076756995,135.98716975476242
14,polygon,0,14.0,80.79332840904108,137.7771494288271
14,polygon,1,14.0,85.44727556160919,137.7771494288271
14,polygon,2,14.0,92.42819629046134,137.95614739623358
14,polygon,3,14.0,100.4831048237523,138.13514536364
14,polygon,4,14.0,106.56903571557213,138.6721392658594
14,polygon,5,14.0,113.90795237923722,139.03013520067236
14,polygon,6,14.0,118.7408974992118,139.56712910289173
14,polygon,7,14.0,123.21584668437343,140.4621189399241
14,polygon,8,14.0,127.5117979021286,141.17811080954993
14,polygon,9,14.0,130.91275928285148,142.07310064658225
14,polygon,10,14.0,134.67171659838726,143.14708845102103
14,polygon,11,14.0,137.35668610948426,145.47406202730508
14,polygon,12,14.0,139.86265765317478,147.6220376361827
14,polygon,13,14.0,143.08462106649114,149.41201731024734
14,polygon,14,14.0,145.2325966753687,152.09698682134433
14,polygon,15,14.0,147.73856821905923,153.17097462578312
14,polygon,16,14.0,151.31852756718854,151.73899088653138
14,polygon,17,14.0,154.00349707828553,148.87502340802797
14,polygon,18,14.0,156.50946862197605,146.36905186433745
14,polygon,19,14.0,158.8364421982601,144.0420782880534
14,polygon,20,14.0,159.7314320352924,141.71510471176936
14,polygon,21,14.0,159.7314320352924,138.6721392658594
14,polygon,22,14.0,160.26842593751184,135.27117788513658
14,polygon,23,14.0,160.62642187232478,133.12320227625895
14,polygon,24,14.0,159.7314320352924,127.03727138443915
14,polygon,25,14.0,158.1204503286342,123.99430593852924
14,polygon,26,14.0,156.1514726871631,121.66733236224519
14,polygon,27,14.0,151.8555214694079,119.34035878596113
14,polygon,28,14.0,147.55957025165276,117.37138114449
14,polygon,29,14.0,143.80061293611698,116.11839537264474
14,polygon,30,14.0,139.14666578354883,117.90837504670941
14,polygon,31,14.0,137.17768814207773,119.87735268818052
14,polygon,32,14.0,133.59772879394842,120.59334455780639
14,polygon,33,14.0,129.30177757619322,120.59334455780639
14,polygon,34,14.0,124.82682839103163,120.056350655587
14,polygon,35,14.0,120.53087717327645,119.87735268818052
14,polygon,36,14.0,116.59292189033421,119.51935675336759
14,polygon,37,14.0,112.4759686399855,119.34035878596113
14,polygon,38,14.0,112.29697067257904,119.34035878596113
14,polygon,39,14.0,105.49504791113333,119.51935675336759
14,polygon,40,14.0,101.91508856300402,119.51935675336759
14,polygon,41,14.0,95.2921637689648,119.69835472077406
14,polygon,42,14.0,91.53320645342902,119.69835472077406
14,polygon,43,14.0,88.66923897492558,119.69835472077406
14,polygon,44,14.0,86.52126336604798,120.056350655587
14,polygon,45,14.0,84.9102816593898,120.41434659039993
14,polygon,46,14.0,81.50932027866693,122.56232219927752
14,polygon,47,14.0,78.6453528001635,123.81530797112278
14,polygon,48,14.0,76.31837922387945,126.14228154740682
14,polygon,49,14.0,76.13938125647297,127.75326325406502
14,polygon,50,14.0,75.78138532166004,129.54324292812964
14,polygon,51,14.0,75.78138532166004,132.04921447182016
14,polygon,52,14.0,77.0343710935053,133.83919414588485
14,polygon,53,14.0,78.1083588979441,135.80817178735595
14,polygon,54,14.0,78.82435076756997,136.52416365698184
15,polygon,0,15.0,80.97232637644754,137.7771494288271
15,polygon,1,15.0,85.62627352901565,137.7771494288271
15,polygon,2,15.0,92.6071942578678,137.95614739623358
15,polygon,3,15.0,100.66210279115876,138.13514536364
15,polygon,4,15.0,106.74803368297859,138.6721392658594
15,polygon,5,15.0,114.08695034664368,139.03013520067236
15,polygon,6,15.0,118.91989546661826,139.56712910289173
15,polygon,7,15.0,123.39484465177989,140.4621189399241
15,polygon,8,15.0,127.69079586953507,141.17811080954993
15,polygon,9,15.0,131.09175725025793,142.07310064658225
15,polygon,10,15.0,134.8507145657937,143.14708845102103
15,polygon,11,15.0,137.5356840768907,145.47406202730508
15,polygon,12,15.0,140.04165562058122,147.6220376361827
15,polygon,13,15.0,143.26361903389758,149.41201731024734
15,polygon,14,15.0,145.41159464277516,152.09698682134433
15,polygon,15,15.0,147.91756618646568,153.17097462578312
15,polygon,16,15.0,151.497525534595,151.73899088653138
15,polygon,17,15.0,154.18249504569198,148.87502340802797
15,polygon,18,15.0,156.6884665893825,146.36905186433745
15,polygon,19,15.0,159.01544016566655,144.0420782880534
15,polygon,20,15.0,159.9104300026989,141.71510471176936
15,polygon,21,15.0,159.9104300026989,138.6721392658594
15,polygon,22,15.0,160.44742390491828,135.27117788513658
15,polygon,23,15.0,160.80541983973123,133.12320227625895
15,polygon,24,15.0,159.9104300026989,127.03727138443914
15,polygon,25,15.0,158.29944829604068,123.99430593852922
15,polygon,26,15.0,156.33047065456955,121.66733236224518
15,polygon,27,15.0,152.03451943681438,119.34035878596112
15,polygon,28,15.0,147.7385682190592,117.37138114448999
15,polygon,29,15.0,143.97961090352342,116.11839537264473
15,polygon,30,15.0,139.3256637509553,117.9083750467094
15,polygon,31,15.0,137.3566861094842,119.87735268818051
15,polygon,32,15.0,133.7767267613549,120.59334455780638
15,polygon,33,15.0,129.4807755435997,120.59334455780638
15,polygon,34,15.0,125.00582635843809,120.05635065558698
15,polygon,35,15.0,120.70987514068291,119.87735268818051
15,polygon,36,15.0,116.77191985774067,119.51935675336757
15,polygon,37,15.0,112.65496660739196,119.34035878596112
15,polygon,38,15.0,112.4759686399855,119.34035878596112
15,polygon,39,15.0,105.67404587853979,119.51935675336757
15,polygon,40,15.0,102.09408653041048,119.51935675336757
15,polygon,41,15.0,95.47116173637126,119.69835472077405
15,polygon,42,15.0,91.71220442083548,119.69835472077405
15,polygon,43,15.0,88.84823694233204,119.69835472077405
15,polygon,44,15.0,86.70026133345443,120.05635065558698
15,polygon,45,15.0,85.08927962679626,120.41434659039992
15,polygon,46,15.0,81.6883182460734,122.5623221992775
15,polygon,47,15.0,78.82435076756995,123.81530797112276
15,polygon,48,15.0,76.4973771912859,126.14228154740681
15,polygon,49,15.0,76.31837922387943,127.753263254065
15,polygon,50,15.0,75.9603832890665,129.54324292812964
15,polygon,51,15.0,75.9603832890665,132.04921447182016
15,polygon,52,15.0,77.21336906091176,133.83919414588485
15,polygon,53,15.0,78.28735686535056,135.80817178735595
15,polygon,54,15.0,79.00334873497643,136.52416365698184
16,polygon,0,16.0,80.79332840904107,137.59815146142063
16,polygon,1,16.0,85.44727556160917,137.59815146142063
16,polygon,2,16.0,92.42819629046133,137.7771494288271
16,polygon,3,16.0,100.48310482375229,137.95614739623352
16,polygon,4,16.0,106.56903571557211,138.49314129845294
16,polygon,5,16.0,113.9079523792372,138.8511372332659
16,polygon,6,16.0,118.74089749921178,139.38813113548525
16,polygon,7,16.0,123.21584668437342,140.28312097251762
16,polygon,8,16.0,127.51179790212859,140.99911284214346
16,polygon,9,16.0,130.91275928285145,141.89410267917577
16,polygon,10,16.0,134.67171659838723,142.96809048361456
16,polygon,11,16.0,137.35668610948423,145.2950640598986
16,polygon,12,16.0,139.86265765317475,147.44303966877624
16,polygon,13,16.0,143.0846210664911,149.23301934284086
16,polygon,14,16.0,145.23259667536868,151.91798885393786
16,polygon,15,16.0,147.7385682190592,152.99197665837664
16,polygon,16,16.0,151.31852756718854,151.5599929191249
16,polygon,17,16.0,154.0034970782855,148.6960254406215
16,polygon,18,16.0,156.50946862197603,146.19005389693098
16,polygon,19,16.0,158.83644219826007,143.86308032064693
16,polygon,20,16.0,159.7314320352924,141.53610674436288
16,polygon,21,16.0,159.7314320352924,138.49314129845294
16,polygon,22,16.0,160.2684259375118,135.0921799177301
16,polygon,23,16.0,160.62642187232476,132.94420430885248
16,polygon,24,16.0,159.7314320352924,126.85827341703268
16,polygon,25,16.0,158.1204503286342,123.81530797112276
16,polygon,26,16.0,156.15147268716308,121.48833439483872
16,polygon,27,16.0,151.8555214694079,119.16136081855466
16,polygon,28,16.0,147.55957025165273,117.19238317708353
16,polygon,29,16.0,143.80061293611695,115.93939740523827
16,polygon,30,16.0,139.14666578354883,117.72937707930294
16,polygon,31,16.0,137.17768814207773,119.69835472077405
16,polygon,32,16.0,133.59772879394842,120.41434659039992
16,polygon,33,16.0,129.30177757619322,120.41434659039992
16,polygon,34,16.0,124.82682839103161,119.87735268818052
16,polygon,35,16.0,120.53087717327644,119.69835472077405
16,polygon,36,16.0,116.5929218903342,119.34035878596112
16,polygon,37,16.0,112.47596863998548,119.16136081855466
16,polygon,38,16.0,112.29697067257902,119.16136081855466
16,polygon,39,16.0,105.49504791113331,119.34035878596112
16,polygon,40,16.0,101.915088563004,119.34035878596112
16,polygon,41,16.0,95.29216376896478,119.51935675336759
16,polygon,42,16.0,91.533206453429,119.51935675336759
16,polygon,43,16.0,88.66923897492556,119.51935675336759
16,polygon,44,16.0,86.52126336604796,119.87735268818052
16,polygon,45,16.0,84.91028165938978,120.23534862299346
16,polygon,46,16.0,81.50932027866692,122.38332423187104
16,polygon,47,16.0,78.64535280016348,123.6363100037163
16,polygon,48,16.0,76.31837922387943,125.96328358000035
16,polygon,49,16.0,76.13938125647296,127.57426528665854
16,polygon,50,16.0,75.78138532166003,129.36424496072317
16,polygon,51,16.0,75.78138532166003,131.8702165044137
16,polygon,52,16.0,77.03437109350529,133.66019617847837
16,polygon,53,16.0,78.10835889794409,135.62917381994947
16,polygon,54,16.0,78.82435076756995,136.34516568957537
17,polygon,0,17.0,80.79332840904107,137.95614739623352
17,polygon,1,17.0,85.44727556160917,137.95614739623352
17,polygon,2,17.0,92.42819629046133,138.13514536364
17,polygon,3,17.0,100.48310482375229,138.31414333104647
17,polygon,4,17.0,106.56903571557211,138.85113723326583
17,polygon,5,17.0,113.9079523792372,139.20913316807878
17,polygon,6,17.0,118.74089749921178,139.74612707029814
17,polygon,7,17.0,123.21584668437342,140.6411169073305
17,polygon,8,17.0,127.51179790212859,141.35710877695635
17,polygon,9,17.0,130.91275928285145,142.25209861398866
17,polygon,10,17.0,134.67171659838723,143.3260864184275
17,polygon,11,17.0,137.35668610948423,145.65305999471155
17,polygon,12,17.0,139.86265765317475,147.80103560358913
17,polygon,13,17.0,143.0846210664911,149.5910152776538
17,polygon,14,17.0,145.23259667536868,152.27598478875075
17,polygon,15,17.0,147.7385682190592,153.34997259318953
17,polygon,16,17.0,151.31852756718854,151.91798885393786
17,polygon,17,17.0,154.0034970782855,149.0540213754344
17,polygon,18,17.0,156.50946862197603,146.54804983174387
17,polygon,19,17.0,158.83644219826007,144.22107625545982
17,polygon,20,17.0,159.7314320352924,141.89410267917577
17,polygon,21,17.0,159.7314320352924,138.85113723326583
17,polygon,22,17.0,160.2684259375118,135.450175852543
17,polygon,23,17.0,160.62642187232476,133.30220024366542
17,polygon,24,17.0,159.7314320352924,127.21626935184561
17,polygon,25,17.0,158.1204503286342,124.1733039059357
17,polygon,26,17.0,156.15147268716308,121.84633032965165
17,polygon,27,17.0,151.8555214694079,119.51935675336759
17,polygon,28,17.0,147.55957025165273,117.55037911189646
17,polygon,29,17.0,143.80061293611695,116.2973933400512
17,polygon,30,17.0,139.14666578354883,118.08737301411587
17,polygon,31,17.0,137.17768814207773,120.05635065558698
17,polygon,32,17.0,133.59772879394842,120.77234252521285
17,polygon,33,17.0,129.30177757619322,120.77234252521285
17,polygon,34,17.0,124.82682839103161,120.23534862299346
17,polygon,35,17.0,120.53087717327644,120.05635065558698
17,polygon,36,17.0,116.5929218903342,119.69835472077405
17,polygon,37,17.0,112.47596863998548,119.51935675336759
17,polygon,38,17.0,112.29697067257902,119.51935675336759
17,polygon,39,17.0,105.49504791113331,119.69835472077405
17,polygon,40,17.0,101.915088563004,119.69835472077405
17,polygon,41,17.0,95.29216376896478,119.87735268818052
17,polygon,42,17.0,91.533206453429,119.87735268818052
17,polygon,43,17.0,88.66923897492556,119.87735268818052
17,polygon,44,17.0,86.52126336604796,120.23534862299346
17,polygon,45,17.0,84.91028165938978,120.59334455780639
17,polygon,46,17.0,81.50932027866692,122.74132016668398
17,polygon,47,17.0,78.64535280016348,123.99430593852924
17,polygon,48,17.0,76.31837922387943,126.32127951481328
17,polygon,49,17.0,76.13938125647296,127.93226122147148
17,polygon,50,17.0,75.78138532166003,129.72224089553612
17,polygon,51,17.0,75.78138532166003,132.22821243922664
17,polygon,52,17.0,77.03437109350529,134.01819211329126
17,polygon,53,17.0,78.10835889794409,135.98716975476242
17,polygon,54,17.0,78.82435076756995,136.70316162438826
18,polygon,0,18.0,80.79332840904108,138.13514536364005
18,polygon,1,18.0,85.44727556160919,138.13514536364005
18,polygon,2,18.0,92.42819629046134,138.31414333104652
18,polygon,3,18.0,100.4831048237523,138.49314129845294
18,polygon,4,18.0,106.56903571557213,139.03013520067236
18,polygon,5,18.0,113.90795237923722,139.3881311354853
18,polygon,6,18.0,118.7408974992118,139.92512503770467
18,polygon,7,18.0,123.21584668437343,140.82011487473704
18,polygon,8,18.0,127.5117979021286,141.53610674436288
18,polygon,9,18.0,130.91275928285148,142.4310965813952
18,polygon,10,18.0,134.67171659838726,143.50508438583398
18,polygon,11,18.0,137.35668610948426,145.83205796211803
18,polygon,12,18.0,139.86265765317478,147.98003357099566
18,polygon,13,18.0,143.08462106649114,149.77001324506028
18,polygon,14,18.0,145.2325966753687,152.45498275615728
18,polygon,15,18.0,147.73856821905923,153.52897056059606
18,polygon,16,18.0,151.31852756718854,152.09698682134433
18,polygon,17,18.0,154.00349707828553,149.23301934284092
18,polygon,18,18.0,156.50946862197605,146.7270477991504
18,polygon,19,18.0,158.8364421982601,144.40007422286635
18,polygon,20,18.0,159.7314320352924,142.0731006465823
18,polygon,21,18.0,159.7314320352924,139.03013520067236
18,polygon,22,18.0,160.26842593751184,135.62917381994953
18,polygon,23,18.0,160.62642187232478,133.4811982110719
18,polygon,24,18.0,159.7314320352924,127.39526731925206
18,polygon,25,18.0,158.1204503286342,124.35230187334214
18,polygon,26,18.0,156.1514726871631,122.0253282970581
18,polygon,27,18.0,151.8555214694079,119.69835472077403
18,polygon,28,18.0,147.55957025165276,117.7293770793029
18,polygon,29,18.0,143.80061293611698,116.47639130745765
18,polygon,30,18.0,139.14666578354883,118.26637098152231
18,polygon,31,18.0,137.17768814207773,120.23534862299343
18,polygon,32,18.0,133.59772879394842,120.9513404926193
18,polygon,33,18.0,129.30177757619322,120.9513404926193
18,polygon,34,18.0,124.82682839103163,120.4143465903999
18,polygon,35,18.0,120.53087717327645,120.23534862299343
18,polygon,36,18.0,116.59292189033421,119.8773526881805
18,polygon,37,18.0,112.4759686399855,119.69835472077403
18,polygon,38,18.0,112.29697067257904,119.69835472077403
18,polygon,39,18.0,105.49504791113333,119.8773526881805
18,polygon,40,18.0,101.91508856300402,119.8773526881805
18,polygon,41,18.0,95.2921637689648,120.05635065558697
18,polygon,42,18.0,91.53320645342902,120.05635065558697
18,polygon,43,18.0,88.66923897492558,120.05635065558697
18,polygon,44,18.0,86.52126336604798,120.4143465903999
18,polygon,45,18.0,84.9102816593898,120.77234252521284
18,polygon,46,18.0,81.50932027866693,122.92031813409042
18,polygon,47,18.0,78.6453528001635,124.17330390593568
18,polygon,48,18.0,76.31837922387945,126.50027748221973
18,polygon,49,18.0,76.13938125647297,128.1112591888779
18,polygon,50,18.0,75.78138532166004,129.9012388629426
18,polygon,51,18.0,75.78138532166004,132.4072104066331
18,polygon,52,18.0,77.0343710935053,134.1971900806978
18,polygon,53,18.0,78.1083588979441,136.1661677221689
18,polygon,54,18.0,78.82435076756997,136.8821595917948
19,polygon,0,19.0,80.97232637644754,138.13514536364005
19,polygon,1,19.0,85.62627352901565,138.13514536364005
19,polygon,2,19.0,92.6071942578678,138.31414333104652
19,polygon,3,19.0,100.66210279115876,138.49314129845294
19,polygon,4,19.0,106.74803368297859,139.03013520067236
19,polygon,5,19.0,114.08695034664368,139.3881311354853
19,polygon,6,19.0,118.91989546661826,139.92512503770467
19,polygon,7,19.0,123.39484465177989,140.82011487473704
19,polygon,8,19.0,127.69079586953507,141.53610674436288
19,polygon,9,19.0,131.09175725025793,142.4310965813952
19,polygon,10,19.0,134.8507145657937,143.50508438583398
19,polygon,11,19.0,137.5356840768907,145.83205796211803
19,polygon,12,19.0,140.04165562058122,147.98003357099566
19,polygon,13,19.0,143.26361903389758,149.77001324506028
19,polygon,14,19.0,145.41159464277516,152.45498275615728
19,polygon,15,19.0,147.91756618646568,153.52897056059606
19,polygon,16,19.0,151.497525534595,152.09698682134433
19,polygon,17,19.0,154.18249504569198,149.23301934284092
19,polygon,18,19.0,156.6884665893825,146.7270477991504
19,polygon,19,19.0,159.01544016566655,144.40007422286635
19,polygon,20,19.0,159.9104300026989,142.0731006465823
19,polygon,21,19.0,159.9104300026989,139.03013520067236
19,polygon,22,19.0,160.44742390491828,135.62917381994953
19,polygon,23,19.0,160.80541983973123,133.4811982110719
19,polygon,24,19.0,159.9104300026989,127.39526731925206
19,polygon,25,19.0,158.29944829604068,124.35230187334214
19,polygon,26,19.0,156.33047065456955,122.0253282970581
19,polygon,27,19.0,152.03451943681438,119.69835472077403
19,polygon,28,19.0,147.7385682190592,117.7293770793029
19,polygon,29,19.0,143.97961090352342,116.47639130745765
19,polygon,30,19.0,139.3256637509553,118.26637098152231
19,polygon,31,19.0,137.3566861094842,120.23534862299343
19,polygon,32,19.0,133.7767267613549,120.9513404926193
19,polygon,33,19.0,129.4807755435997,120.9513404926193
19,polygon,34,19.0,125.00582635843809,120.4143465903999
19,polygon,35,19.0,120.70987514068291,120.23534862299343
19,polygon,36,19.0,116.77191985774067,119.8773526881805
19,polygon,37,19.0,112.65496660739196,119.69835472077403
19,polygon,38,19.0,112.4759686399855,119.69835472077403
19,polygon,39,19.0,105.67404587853979,119.8773526881805
19,polygon,40,19.0,102.09408653041048,119.8773526881805
19,polygon,41,19.0,95.47116173637126,120.05635065558697
19,polygon,42,19.0,91.71220442083548,120.05635065558697
19,polygon,43,19.0,88.84823694233204,120.05635065558697
19,polygon,44,19.0,86.70026133345443,120.4143465903999
19,polygon,45,19.0,85.08927962679626,120.77234252521284
19,polygon,46,19.0,81.6883182460734,122.92031813409042
19,polygon,47,19.0,78.82435076756995,124.17330390593568
19,polygon,48,19.0,76.4973771912859,126.50027748221973
19,polygon,49,19.0,76.31837922387943,128.1112591888779
19,polygon,50,19.0,75.9603832890665,129.9012388629426
19,polygon,51,19.0,75.9603832890665,132.4072104066331
19,polygon,52,19.0,77.21336906091176,134.1971900806978
19,polygon,53,19.0,78.28735686535056,136.1661677221689
19,polygon,54,19.0,79.00334873497643,136.8821595917948
20,polygon,0,20.0,81.15132434385401,138.4931412984529
20,polygon,1,20.0,85.80527149642212,138.4931412984529
20,polygon,2,20.0,92.78619222527428,138.67213926585939
20,polygon,3,20.0,100.84110075856523,138.85113723326586
20,polygon,4,20.0,106.92703165038506,139.38813113548522
20,polygon,5,20.0,114.26594831405015,139.74612707029817
20,polygon,6,20.0,119.09889343402473,140.28312097251754
20,polygon,7,20.0,123.57384261918637,141.1781108095499
20,polygon,8,20.0,127.86979383694154,141.89410267917575
20,polygon,9,20.0,131.2707552176644,142.78909251620806
20,polygon,10,20.0,135.02971253320018,143.8630803206469
20,polygon,11,20.0,137.71468204429718,146.19005389693095
20,polygon,12,20.0,140.2206535879877,148.33802950580852
20,polygon,13,20.0,143.44261700130406,150.1280091798732
20,polygon,14,20.0,145.59059261018163,152.81297869097014
20,polygon,15,20.0,148.09656415387215,153.88696649540893
20,polygon,16,20.0,151.6765235020015,152.45498275615725
20,polygon,17,20.0,154.36149301309845,149.59101527765378
20,polygon,18,20.0,156.86746455678897,147.08504373396326
20,polygon,19,20.0,159.19443813307302,144.7580701576792
20,polygon,20,20.0,160.08942797010536,142.43109658139517
20,polygon,21,20.0,160.08942797010536,139.38813113548522
20,polygon,22,20.0,160.62642187232476,135.9871697547624
20,polygon,23,20.0,160.9844178071377,133.83919414588482
20,polygon,24,20.0,160.08942797010536,127.75326325406496
20,polygon,25,20.0,158.47844626344715,124.71029780815505
20,polygon,26,20.0,156.50946862197603,122.383324231871
20,polygon,27,20.0,152.21351740422085,120.05635065558694
20,polygon,28,20.0,147.91756618646568,118.08737301411581
20,polygon,29,20.0,144.1586088709299,116.83438724227055
20,polygon,30,20.0,139.50466171836177,118.62436691633522
20,polygon,31,20.0,137.53568407689067,120.59334455780633
20,polygon,32,20.0,133.95572472876137,121.3093364274322
20,polygon,33,20.0,129.65977351100616,121.3093364274322
20,polygon,34,20.0,125.18482432584456,120.7723425252128
20,polygon,35,20.0,120.88887310808938,120.59334455780633
20,polygon,36,20.0,116.95091782514714,120.2353486229934
20,polygon,37,20.0,112.83396457479843,120.05635065558694
20,polygon,38,20.0,112.65496660739197,120.05635065558694
20,polygon,39,20.0,105.85304384594626,120.2353486229934
20,polygon,40,20.0,102.27308449781695,120.2353486229934
20,polygon,41,20.0,95.65015970377773,120.41434659039987
20,polygon,42,20.0,91.89120238824195,120.41434659039987
20,polygon,43,20.0,89.02723490973851,120.41434659039987
20,polygon,44,20.0,86.87925930086091,120.7723425252128
20,polygon,45,20.0,85.26827759420273,121.13033846002574
20,polygon,46,20.0,81.86731621347987,123.27831406890333
20,polygon,47,20.0,79.00334873497643,124.53129984074859
20,polygon,48,20.0,76.67637515869238,126.85827341703263
20,polygon,49,20.0,76.4973771912859,128.46925512369089
20,polygon,50,20.0,76.13938125647297,130.2592347977555
20,polygon,51,20.0,76.13938125647297,132.76520634144603
20,polygon,52,20.0,77.39236702831823,134.55518601551066
20,polygon,53,20.0,78.46635483275703,136.5241636569818
20,polygon,54,20.0,79.1823467023829,137.24015552660765
21,polygon,0,21.0,80.6143304416346,138.31414333104652
21,polygon,1,21.0,85.26827759420271,138.31414333104652
21,polygon,2,21.0,92.24919832305487,138.493141298453
21,polygon,3,21.0,100.30410685634583,138.6721392658594
21,polygon,4,21.0,106.39003774816565,139.20913316807884
21,polygon,5,21.0,113.72895441183074,139.56712910289178
21,polygon,6,21.0,118.56189953180532,140.10412300511115
21,polygon,7,21.0,123.03684871696696,140.99911284214352
21,polygon,8,21.0,127.33279993472213,141.71510471176936
21,polygon,9,21.0,130.733761315445,142.61009454880167
21,polygon,10,21.0,134.4927186309808,143.68408235324046
21,polygon,11,21.0,137.17768814207778,146.0110559295245
21,polygon,12,21.0,139.6836596857683,148.15903153840213
21,polygon,13,21.0,142.90562309908466,149.94901121246676
21,polygon,14,21.0,145.05359870796224,152.63398072356375
21,polygon,15,21.0,147.55957025165276,153.70796852800254
21,polygon,16,21.0,151.13952959978207,152.2759847887508
21,polygon,17,21.0,153.82449911087906,149.4120173102474
21,polygon,18,21.0,156.33047065456958,146.90604576655687
21,polygon,19,21.0,158.65744423085363,144.57907219027283
21,polygon,20,21.0,159.55243406788594,142.25209861398878
21,polygon,21,21.0,159.55243406788594,139.20913316807884
21,polygon,22,21.0,160.08942797010536,135.808171787356
21,polygon,23,21.0,160.4474239049183,133.66019617847837
21,polygon,24,21.0,159.55243406788594,127.57426528665852
21,polygon,25,21.0,157.94145236122773,124.5312998407486
21,polygon,26,21.0,155.97247471975663,122.20432626446456
21,polygon,27,21.0,151.67652350200143,119.8773526881805
21,polygon,28,21.0,147.38057228424628,117.90837504670937
21,polygon,29,21.0,143.6216149687105,116.6553892748641
21,polygon,30,21.0,138.96766781614235,118.44536894892877
21,polygon,31,21.0,136.99869017467125,120.41434659039989
21,polygon,32,21.0,133.41873082654195,121.13033846002575
21,polygon,33,21.0,129.12277960878674,121.13033846002575
21,polygon,34,21.0,124.64783042362515,120.59334455780636
21,polygon,35,21.0,120.35187920586998,120.41434659039989
21,polygon,36,21.0,116.41392392292774,120.05635065558695
21,polygon,37,21.0,112.29697067257902,119.8773526881805
21,polygon,38,21.0,112.11797270517256,119.8773526881805
21,polygon,39,21.0,105.31604994372685,120.05635065558695
21,polygon,40,21.0,101.73609059559755,120.05635065558695
21,polygon,41,21.0,95.11316580155832,120.23534862299343
21,polygon,42,21.0,91.35420848602254,120.23534862299343
21,polygon,43,21.0,88.4902410075191,120.23534862299343
21,polygon,44,21.0,86.3422653986415,120.59334455780636
21,polygon,45,21.0,84.73128369198332,120.9513404926193
21,polygon,46,21.0,81.33032231126046,123.09931610149688
21,polygon,47,21.0,78.46635483275702,124.35230187334214
21,polygon,48,21.0,76.13938125647297,126.67927544962619
21,polygon,49,21.0,75.9603832890665,128.29025715628438
21,polygon,50,21.0,75.60238735425357,130.08023683034907
21,polygon,51,21.0,75.60238735425357,132.5862083740396
21,polygon,52,21.0,76.85537312609883,134.37618804810427
21,polygon,53,21.0,77.92936093053763,136.34516568957537
21,polygon,54,21.0,78.6453528001635,137.06115755920126
22,polygon,0,22.0,81.151324343854,138.3141433310465
22,polygon,1,22.0,85.80527149642211,138.3141433310465
22,polygon,2,22.0,92.78619222527426,138.49314129845297
22,polygon,3,22.0,100.84110075856522,138.67213926585939
22,polygon,4,22.0,106.92703165038505,139.2091331680788
22,polygon,5,22.0,114.26594831405014,139.56712910289176
22,polygon,6,22.0,119.09889343402472,140.10412300511112
22,polygon,7,22.0,123.57384261918635,140.9991128421435
22,polygon,8,22.0,127.86979383694153,141.71510471176933
22,polygon,9,22.0,131.27075521766437,142.61009454880164
22,polygon,10,22.0,135.02971253320015,143.68408235324043
22,polygon,11,22.0,137.71468204429715,146.01105592952447
22,polygon,12,22.0,140.22065358798767,148.1590315384021
22,polygon,13,22.0,143.44261700130403,149.94901121246673
22,polygon,14,22.0,145.5905926101816,152.63398072356372
22,polygon,15,22.0,148.09656415387212,153.7079685280025
22,polygon,16,22.0,151.6765235020015,152.27598478875078
22,polygon,17,22.0,154.36149301309842,149.41201731024736
22,polygon,18,22.0,156.86746455678895,146.90604576655684
22,polygon,19,22.0,159.194438133073,144.5790721902728
22,polygon,20,22.0,160.08942797010536,142.25209861398875
22,polygon,21,22.0,160.08942797010536,139.2091331680788
22,polygon,22,22.0,160.62642187232473,135.80817178735597
22,polygon,23,22.0,160.98441780713767,133.66019617847834
22,polygon,24,22.0,160.08942797010536,127.57426528665852
22,polygon,25,22.0,158.47844626344715,124.5312998407486
22,polygon,26,22.0,156.509468621976,122.20432626446456
22,polygon,27,22.0,152.21351740422085,119.8773526881805
22,polygon,28,22.0,147.91756618646565,117.90837504670937
22,polygon,29,22.0,144.15860887092987,116.6553892748641
22,polygon,30,22.0,139.50466171836177,118.44536894892877
22,polygon,31,22.0,137.53568407689067,120.41434659039989
22,polygon,32,22.0,133.95572472876137,121.13033846002575
22,polygon,33,22.0,129.65977351100616,121.13033846002575
22,polygon,34,22.0,125.18482432584455,120.59334455780636
22,polygon,35,22.0,120.88887310808937,120.41434659039989
22,polygon,36,22.0,116.95091782514713,120.05635065558695
22,polygon,37,22.0,112.83396457479842,119.8773526881805
22,polygon,38,22.0,112.65496660739196,119.8773526881805
22,polygon,39,22.0,105.85304384594625,120.05635065558695
22,polygon,40,22.0,102.27308449781694,120.05635065558695
22,polygon,41,22.0,95.65015970377772,120.23534862299343
22,polygon,42,22.0,91.89120238824194,120.23534862299343
22,polygon,43,22.0,89.0272349097385,120.23534862299343
22,polygon,44,22.0,86.8792593008609,120.59334455780636
22,polygon,45,22.0,85.26827759420271,120.9513404926193
22,polygon,46,22.0,81.86731621347985,123.09931610149688
22,polygon,47,22.0,79.00334873497641,124.35230187334214
22,polygon,48,22.0,76.67637515869237,126.67927544962619
22,polygon,49,22.0,76.49737719128589,128.29025715628438
22,polygon,50,22.0,76.13938125647296,130.08023683034904
22,polygon,51,22.0,76.13938125647296,132.58620837403956
22,polygon,52,22.0,77.39236702831822,134.37618804810424
22,polygon,53,22.0,78.46635483275702,136.34516568957534
22,polygon,54,22.0,79.18234670238289,137.06115755920123
23,polygon,0,23.0,80.79332840904107,138.31414333104647
23,polygon,1,23.0,85.44727556160917,138.31414333104647
23,polygon,2,23.0,92.42819629046133,138.49314129845294
23,polygon,3,23.0,100.48310482375229,138.6721392658594
23,polygon,4,23.0,106.56903571557211,139.20913316807878
23,polygon,5,23.0,113.9079523792372,139.56712910289173
23,polygon,6,23.0,118.74089749921178,140.1041230051111
23,polygon,7,23.0,123.21584668437342,140.99911284214346
23,polygon,8,23.0,127.51179790212859,141.7151047117693
23,polygon,9,23.0,130.91275928285145,142.6100945488016
23,polygon,10,23.0,134.67171659838723,143.68408235324046
23,polygon,11,23.0,137.35668610948423,146.0110559295245
23,polygon,12,23.0,139.86265765317475,148.15903153840208
23,polygon,13,23.0,143.0846210664911,149.94901121246676
23,polygon,14,23.0,145.23259667536868,152.6339807235637
23,polygon,15,23.0,147.7385682190592,153.70796852800248
23,polygon,16,23.0,151.31852756718854,152.2759847887508
23,polygon,17,23.0,154.0034970782855,149.41201731024734
23,polygon,18,23.0,156.50946862197603,146.90604576655682
23,polygon,19,23.0,158.83644219826007,144.57907219027277
23,polygon,20,23.0,159.7314320352924,142.25209861398872
23,polygon,21,23.0,159.7314320352924,139.20913316807878
23,polygon,22,23.0,160.2684259375118,135.80817178735595
23,polygon,23,23.0,160.62642187232476,133.66019617847837
23,polygon,24,23.0,159.7314320352924,127.57426528665854
23,polygon,25,23.0,158.1204503286342,124.53129984074864
23,polygon,26,23.0,156.15147268716308,122.2043262644646
23,polygon,27,23.0,151.8555214694079,119.87735268818054
23,polygon,28,23.0,147.55957025165273,117.90837504670941
23,polygon,29,23.0,143.80061293611695,116.65538927486415
23,polygon,30,23.0,139.14666578354883,118.44536894892882
23,polygon,31,23.0,137.17768814207773,120.41434659039993
23,polygon,32,23.0,133.59772879394842,121.1303384600258
23,polygon,33,23.0,129.30177757619322,121.1303384600258
23,polygon,34,23.0,124.82682839103161,120.5933445578064
23,polygon,35,23.0,120.53087717327644,120.41434659039993
23,polygon,36,23.0,116.5929218903342,120.056350655587
23,polygon,37,23.0,112.47596863998548,119.87735268818054
23,polygon,38,23.0,112.29697067257902,119.87735268818054
23,polygon,39,23.0,105.49504791113331,120.056350655587
23,polygon,40,23.0,101.915088563004,120.056350655587
23,polygon,41,23.0,95.29216376896478,120.23534862299347
23,polygon,42,23.0,91.533206453429,120.23534862299347
23,polygon,43,23.0,88.66923897492556,120.23534862299347
23,polygon,44,23.0,86.52126336604796,120.5933445578064
23,polygon,45,23.0,84.91028165938978,120.95134049261934
23,polygon,46,23.0,81.50932027866692,123.09931610149692
23,polygon,47,23.0,78.64535280016348,124.35230187334218
23,polygon,48,23.0,76.31837922387943,126.67927544962623
23,polygon,49,23.0,76.13938125647296,128.29025715628438
23,polygon,50,23.0,75.78138532166003,130.08023683034907
23,polygon,51,23.0,75.78138532166003,132.5862083740396
23,polygon,52,23.0,77.03437109350529,134.3761880481042
23,polygon,53,23.0,78.10835889794409,136.34516568957537
23,polygon,54,23.0,78.82435076756995,137.0611575592012
